typical_day_id,hour,weight_days,electric_load_kw,heat_load_kw,hydrogen_load_kg,grid_buy_kw,pv_used_kw,pv_curtail_kw,wind_used_kw,wind_curtail_kw,heat_pump_power_kw,heat_pump_heat_kw,gas_boiler_heat_kw,gas_consumption_m3,battery_charge_kw,battery_discharge_kw,battery_soc_kwh,electrolyzer_power_kw,h2_production_kg,h2_charge_kg,h2_discharge_kg,h2_storage_kg,h2_external_supply_kg,h2_fuel_cell_kg,fuel_cell_power_kw,carbon_emission_kg
TD_SUMMER,0,120,5979.999999999999,3720.0,15.0,0.0,-0.0,0.0,9200.374713478563,0.0,1240.0,3720.0,0.0,-0.0,0.0,422.24357076504384,17.274312166113305,2402.618284243607,46.204197773915524,31.204197773915524,0.0,153.0416490183695,0.0,-0.0,0.0,-0.0
TD_SUMMER,1,120,5750.0,3660.0,15.0,0.0,-0.0,0.0,9857.544335869889,0.0,1220.0,3660.0,0.0,-0.0,0.0,16.41059655780764,0.0,2903.954932427696,55.84528716207108,40.84528716207108,0.0,193.88693618044059,0.0,-0.0,0.0,-0.0
TD_SUMMER,2,120,5520.0,3600.0,15.0,0.0,0.0,-0.0,9623.954932427696,890.7590258335185,1200.0,3600.0,0.0,-0.0,0.0,0.0,-0.0,2903.954932427696,55.845287162071074,40.845287162071074,0.0,234.73222334251167,0.0,-0.0,0.0,-0.0
TD_SUMMER,3,120,5405.0,3540.0,15.0,0.0,0.0,-0.0,9952.793273723702,1000.0337661317299,1180.0,3540.0,0.0,-0.0,463.83834129600706,0.0,440.6464242312067,2903.954932427696,55.845287162071074,40.845287162071074,0.0,275.57751050458273,0.0,-0.0,0.0,-0.0
TD_SUMMER,4,120,5520.0,3480.0,20.0,0.0,0.0,-0.0,10092.203388523048,1298.7367329266017,1160.0,3480.0,0.0,-0.0,508.2484560953535,0.0,923.4824575217925,2903.954932427696,55.845287162071074,35.845287162071074,0.0,311.4227976666538,0.0,-0.0,0.0,-0.0
TD_SUMMER,5,120,5979.999999999999,3600.0,25.0,0.0,116.09412644053874,0.0,9967.860805987157,984.9662338682756,1200.0,3600.0,0.0,-0.0,-0.0,0.0,923.4824575217925,2903.954932427696,55.845287162071074,30.845287162071074,0.0,342.2680848287249,0.0,-0.0,0.0,-0.0
TD_SUMMER,6,120,7129.999999999999,3900.0,40.0,0.0,696.5647586432325,0.0,10076.600876666998,0.0,1300.0,3900.0,0.0,-0.0,0.0,0.0,923.4824575217925,2343.1656353102317,45.06087760211984,5.06087760211984,0.0,347.3289624308452,0.0,-0.0,0.0,-0.0
TD_SUMMER,7,120,8049.999999999999,4200.0,50.0,0.0,1741.4118966080812,0.0,8762.261631884347,0.0,1400.0,4200.0,0.0,-0.0,0.0,0.0,923.4824575217925,1053.673528492427,20.262952471008212,0.0,29.737047528991788,317.59191490185367,0.0,-0.0,0.0,-0.0
TD_SUMMER,8,120,8740.0,4080.0,55.0,0.0,3192.5884771148158,0.0,7886.035468695911,0.0,1360.0,4080.0,0.0,-0.0,0.0,0.0,923.4824575217925,978.6239458107266,18.819691265590897,0.0,36.1803087344091,281.41160616744446,0.0,-0.0,0.0,-0.0
TD_SUMMER,9,120,9315.0,3600.0,55.0,0.0,4353.529741520203,0.0,7009.809305507477,0.0,1200.0,3600.0,0.0,-0.0,0.0,0.0,923.4824575217925,848.3390470276809,16.314212442840017,0.0,38.68578755715998,242.7258186102847,0.0,-0.0,0.0,-0.0
TD_SUMMER,10,120,9545.0,3120.0,45.0,0.0,5108.141563383705,0.0,6571.696223913259,0.0,1040.0,3120.0,0.0,-0.0,0.0,0.0,923.4824575217925,1094.8377872969638,21.054572832633923,0.0,23.945427167366077,218.78039144291847,0.0,-0.0,0.0,-0.0
TD_SUMMER,11,120,9430.0,2880.0,35.0,0.0,5514.47100592559,0.0,6133.583142319043,0.0,960.0,2880.0,0.0,-0.0,0.0,0.0,923.4824575217925,1258.0541482446333,24.193349004704487,0.0,10.806650995295513,207.97374044762307,0.0,-0.0,0.0,-0.0
TD_SUMMER,12,120,9200.0,2760.0,30.0,0.0,5224.235689824244,0.0,6571.696223913259,0.0,920.0,2760.0,0.0,-0.0,0.0,0.0,923.4824575217925,1675.9319137375032,32.22945987956737,2.22945987956737,0.0,210.20320032719042,0.0,-0.0,0.0,-0.0
TD_SUMMER,13,120,9085.0,2760.0,30.0,0.0,4527.670931181011,0.0,7447.922387101695,0.0,920.0,2760.0,0.0,-0.0,0.0,0.0,923.4824575217925,1970.5933182827057,37.896025351590495,7.896025351590494,0.0,218.09922567878084,0.0,-0.0,0.0,-0.0
TD_SUMMER,14,120,9200.0,2880.0,35.0,0.0,3366.7296667756236,0.0,8324.148550290129,0.0,960.0,2880.0,0.0,-0.0,0.0,0.0,923.4824575217925,1530.8782170657523,29.43996571280293,0.0,5.5600342871970705,212.5391913915838,0.0,-0.0,0.0,-0.0
TD_SUMMER,15,120,9545.0,3120.0,40.0,0.0,2031.647212709428,0.0,9200.374713478563,0.0,1040.0,3120.0,0.0,-0.0,-0.0,0.0,923.4824575217925,647.0219261879902,12.442729349769042,0.0,27.557270650230958,184.9819207413529,0.0,-0.0,0.0,-0.0
TD_SUMMER,16,120,9890.0,3420.0,50.0,694.947446283987,696.5647586432325,0.0,9638.48779507278,0.0,1140.0,3420.0,0.0,-0.0,0.0,-0.0,923.4824575217925,0.0,-0.0,0.0,50.0,134.9819207413529,0.0,-0.0,-0.0,450.2564504473952
TD_SUMMER,17,120,10350.0,3840.0,60.0,849.1885775450055,116.09412644053874,0.0,10295.657417464106,0.0,1280.0,3840.0,0.0,-0.0,0.0,369.0598785503494,534.9983748372142,0.0,-0.0,0.0,60.0,74.98192074135288,0.0,-0.0,-0.0,550.1892793914091
TD_SUMMER,18,120,10120.0,4200.0,50.0,58.9245040492151,-0.0,0.0,10952.827039855432,0.0,1400.0,4200.0,0.0,-0.0,0.0,508.2484560953535,0.0,0.0,-0.0,0.0,50.0,24.98192074135288,0.0,-0.0,-0.0,38.17718617348647
TD_SUMMER,19,120,9430.0,4320.0,35.0,0.0,-0.0,0.0,11390.94012144965,0.0,1440.0,4320.0,0.0,-0.0,-0.0,0.0,0.0,520.9401214496502,10.01807925864712,0.0,24.98192074135288,0.0,0.0,-0.0,0.0,-0.0
TD_SUMMER,20,120,8510.0,4200.0,25.0,0.0,-0.0,0.0,12048.109743840976,0.0,1400.0,4200.0,0.0,-0.0,0.0,0.0,-0.0,2138.109743840976,41.11749507386492,16.117495073864923,0.0,16.117495073864923,0.0,-0.0,0.0,-0.0
TD_SUMMER,21,120,7474.999999999999,4080.0,20.0,0.0,-0.0,0.0,11829.053203043868,0.0,1360.0,4080.0,0.0,-0.0,90.09827061617216,0.0,85.59335708536355,2903.954932427696,55.84528716207108,35.84528716207108,0.0,51.962782235936,0.0,-0.0,0.0,-0.0
TD_SUMMER,22,120,6669.999999999999,3900.0,15.0,0.0,-0.0,0.0,10952.827039855432,0.0,1300.0,3900.0,0.0,-0.0,78.87210742773732,0.0,160.521859141714,2903.954932427696,55.84528716207108,40.84528716207108,0.0,92.80806939800708,0.0,-0.0,0.0,-0.0
TD_SUMMER,23,120,6209.999999999999,3780.0,15.0,0.0,-0.0,0.0,10076.600876666998,0.0,1260.0,3780.0,0.0,-0.0,317.0730206517711,0.0,461.74122876089626,2289.5278560152274,44.02938184644668,29.02938184644668,0.0,121.83745124445397,0.0,-0.0,0.0,-0.0
TD_WINTER,0,120,5460.0,8370.0,15.0,1953.5802189491333,-0.0,0.0,9200.374713478563,0.0,2790.0,8370.0,0.0,-0.0,0.0,0.0,461.74122876089626,2903.954932427696,55.845287162071074,40.845287162071074,0.0,162.68273840652506,0.0,-0.0,0.0,1265.7246238571436
TD_WINTER,1,120,5250.0,8235.0,15.0,602.7564292349559,-0.0,0.0,9857.544335869889,0.0,2745.0,8235.0,0.0,-0.0,0.0,438.6541673228515,-0.0,2903.954932427696,55.845287162071074,40.845287162071074,0.0,203.52802556859615,0.0,-0.0,0.0,390.525890501328
TD_WINTER,2,120,5040.0,8100.000000000001,15.0,129.24097416648192,-0.0,0.0,10514.713958261214,0.0,2700.0000000000005,8100.000000000001,0.0,-0.0,0.0,0.0,0.0,2903.954932427696,55.845287162071074,40.845287162071074,0.0,244.37331273066724,0.0,-0.0,0.0,83.73522716246364
TD_WINTER,3,120,4935.0,7965.000000000001,15.0,0.0,-0.0,0.0,10952.827039855432,0.0,2655.0000000000005,7965.000000000001,0.0,-0.0,458.87210742773647,0.0,435.9285020563496,2903.954932427696,55.84528716207108,40.84528716207108,0.0,285.2185998927383,0.0,-0.0,0.0,-0.0
TD_WINTER,4,120,5040.0,7830.000000000001,20.0,0.0,0.0,-0.0,11062.203388523048,328.7367329266017,2610.0000000000005,7830.000000000001,0.0,-0.0,508.2484560953535,0.0,918.7645353469354,2903.954932427696,55.845287162071074,35.845287162071074,0.0,321.0638870548094,0.0,-0.0,0.0,-0.0
TD_WINTER,5,120,5460.0,8100.000000000001,25.0,0.0,116.09412644053874,0.0,10952.827039855432,0.0,2700.0000000000005,8100.000000000001,0.0,-0.0,4.966233868275594,0.0,923.4824575217925,2903.954932427696,55.84528716207108,30.84528716207108,0.0,351.9091742168805,0.0,-0.0,0.0,-0.0
TD_WINTER,6,120,6510.0,8775.0,40.0,0.0,696.5647586432325,0.0,10076.600876666998,0.0,2925.0,8775.0,0.0,-0.0,0.0,369.0598785503494,534.9983748372142,1707.2255138605806,32.831259881934244,0.0,7.168740118065758,344.7404340988147,0.0,-0.0,0.0,-0.0
TD_WINTER,7,120,7350.0,9450.0,50.0,0.0,1741.4118966080812,0.0,8762.261631884347,0.0,3150.0,9450.0,-0.0,-0.0,0.0,508.2484560953535,-0.0,511.9219845877807,9.844653549765013,0.0,40.15534645023499,304.5850876485797,0.0,-0.0,0.0,-0.0
TD_WINTER,8,120,7980.0,9180.0,55.0,0.0,3192.5884771148158,0.0,7886.035468695911,0.0,3060.0,9180.0,0.0,-0.0,0.0,0.0,-0.0,38.6239458107265,0.7427681886678172,0.0,54.25723181133218,250.32785583724745,0.0,-0.0,0.0,-0.0
TD_WINTER,9,120,8505.0,8100.000000000001,55.0,0.0,4353.529741520203,0.0,7009.809305507477,0.0,2700.0000000000005,8100.000000000001,0.0,-0.0,0.0,0.0,-0.0,158.339047027681,3.04498167360925,0.0,51.95501832639075,198.37283751085673,0.0,-0.0,0.0,-0.0
TD_WINTER,10,120,8715.0,7020.000000000001,45.0,0.0,5108.141563383705,0.0,6571.696223913259,0.0,2340.0000000000005,7020.000000000001,0.0,-0.0,0.0,0.0,0.0,624.837787296964,12.016111294172386,0.0,32.98388870582761,165.38894880502912,0.0,-0.0,0.0,-0.0
TD_WINTER,11,120,8610.0,6480.0,35.0,2025.9007841830626,5514.47100592559,0.0,6133.583142319043,0.0,2160.0,6480.0,0.0,-0.0,0.0,0.0,-0.0,2903.954932427696,55.845287162071074,20.845287162071074,0.0,186.2342359671002,0.0,-0.0,0.0,1312.5811180722062
TD_WINTER,12,120,8400.0,6210.0,30.0,1578.0230186901927,5224.235689824244,0.0,6571.696223913259,0.0,2070.0,6210.0,0.0,-0.0,-0.0,0.0,0.0,2903.954932427696,55.845287162071074,25.845287162071074,0.0,212.0795231291713,0.0,-0.0,0.0,1022.4011138093758
TD_WINTER,13,120,8295.0,6210.0,30.0,1757.1999554409972,4527.670931181011,0.0,7447.922387101695,0.0,2070.0,6210.0,0.0,-0.0,463.83834129600706,0.0,440.6464242312067,2903.954932427696,55.845287162071074,25.845287162071074,0.0,237.92481029124238,0.0,-0.0,0.0,1138.4898511302222
TD_WINTER,14,120,8400.0,6480.0,35.0,1773.0767153619436,3366.7296667756236,0.0,8324.148550290129,0.0,2160.0,6480.0,0.0,-0.0,0.0,0.0,440.6464242312067,2903.954932427696,55.845287162071074,20.845287162071074,0.0,258.77009745331344,0.0,-0.0,0.0,1148.7764038830032
TD_WINTER,15,120,8715.0,7020.000000000001,40.0,3235.1814623350583,2031.647212709428,0.0,9200.374713478563,0.0,2340.0000000000005,7020.000000000001,0.0,-0.0,508.2484560953535,0.0,923.4824575217925,2903.954932427696,55.845287162071074,15.845287162071074,0.0,274.6153846153845,0.0,-0.0,0.0,2096.0740694468846
TD_WINTER,16,120,9030.0,7695.000000000001,50.0,1259.9474462839876,696.5647586432325,0.0,9638.48779507278,0.0,2565.0000000000005,7695.000000000001,0.0,-0.0,0.0,-0.0,923.4824575217925,0.0,-0.0,0.0,50.0,224.61538461538453,0.0,-0.0,0.0,816.3199504473956
TD_WINTER,17,120,9450.0,8640.0,60.0,1918.2484560953549,116.09412644053874,0.0,10295.657417464106,0.0,2880.0,8640.0,0.0,-0.0,0.0,0.0,923.4824575217925,0.0,-0.0,0.0,60.0,164.61538461538453,0.0,-0.0,0.0,1242.8331747041805
TD_WINTER,18,120,9240.0,9450.0,50.0,928.9245040492151,-0.0,0.0,10952.827039855432,0.0,3150.0,9450.0,-0.0,-0.0,0.0,508.2484560953535,388.4840826845787,0.0,-0.0,0.0,50.0,114.61538461538453,0.0,-0.0,0.0,601.8501861734865
TD_WINTER,19,120,8610.0,9720.0,35.0,0.0,-0.0,0.0,11390.94012144965,0.0,3150.0,9450.0,270.0,29.946761313220936,0.0,369.0598785503498,0.0,0.0,-0.0,0.0,35.0,79.61538461538453,0.0,-0.0,0.0,64.68500443655722
TD_WINTER,20,120,7770.0,9450.0,25.0,0.0,-0.0,0.0,12048.109743840976,0.0,3150.0,9450.0,0.0,-0.0,-0.0,0.0,-0.0,1128.109743840976,21.694418150788003,0.0,3.305581849211997,76.30980276617254,0.0,-0.0,0.0,-0.0
TD_WINTER,21,120,6825.0,9180.0,20.0,0.0,-0.0,0.0,11829.053203043868,0.0,3060.0,9180.0,0.0,-0.0,0.0,0.0,0.0,1944.053203043868,37.38563852007439,17.385638520074387,0.0,93.69544128624693,0.0,-0.0,0.0,-0.0
TD_WINTER,22,120,6090.0,8775.0,15.0,0.0,-0.0,0.0,10952.827039855432,0.0,2925.0,8775.0,0.0,-0.0,486.0433986956803,0.0,461.74122876089626,1451.7836411597525,27.91891617614909,12.91891617614909,0.0,106.61435746239601,0.0,-0.0,0.0,-0.0
TD_WINTER,23,120,5670.0,8505.0,15.0,0.0,-0.0,0.0,10076.600876666998,0.0,2835.0,8505.0,0.0,-0.0,0.0,0.0,461.74122876089626,1571.6008766669981,30.22309378205766,15.22309378205766,0.0,121.83745124445397,0.0,-0.0,0.0,-0.0
TD_TRANSITION,0,125,5200.0,5580.0,15.0,0.0,-0.0,0.0,9200.374713478563,0.0,1860.0,5580.0,0.0,-0.0,0.0,0.0,461.74122876089626,2140.3747134785626,41.16105218228005,26.161052182280052,0.0,147.99850342673403,0.0,-0.0,-0.0,-0.0
TD_TRANSITION,1,125,5000.0,5490.0,15.0,0.0,0.0,-0.0,6830.0,3027.5443358698885,1830.0,5490.0,0.0,-0.0,0.0,0.0,461.74122876089626,0.0,-0.0,0.0,15.0,132.99850342673403,0.0,-0.0,-0.0,-0.0
TD_TRANSITION,2,125,4800.0,5400.0,15.0,0.0,0.0,-0.0,8408.205755786536,2106.508202474679,1800.0,5400.0,0.0,-0.0,0.0,0.0,461.74122876089626,1808.2057557865353,34.773187611279525,19.773187611279525,0.0,152.77169103801356,0.0,-0.0,-0.0,-0.0
TD_TRANSITION,3,125,4700.0,5310.0,15.0,0.0,0.0,-0.0,9451.067717771188,1501.7593220842446,1770.0,5310.0,0.0,-0.0,77.11278534349259,0.0,534.9983748372142,2903.954932427696,55.84528716207108,40.84528716207108,0.0,193.61697820008465,0.0,-0.0,-0.0,-0.0
TD_TRANSITION,4,125,4800.0,5220.0,20.0,0.0,0.0,-0.0,9443.954932427696,1946.9851890219543,1740.0,5220.0,0.0,-0.0,0.0,0.0,534.9983748372142,2903.954932427696,55.84528716207108,35.84528716207108,0.0,229.46226536215573,0.0,-0.0,-0.0,-0.0
TD_TRANSITION,5,125,5200.0,5400.0,25.0,0.0,116.09412644053874,0.0,9787.860805987157,1164.9662338682756,1800.0,5400.0,0.0,-0.0,0.0,0.0,534.9983748372142,2903.954932427696,55.84528716207108,30.84528716207108,0.0,260.3075525242268,0.0,-0.0,-0.0,-0.0
TD_TRANSITION,6,125,6200.0,5850.0,40.0,0.0,696.5647586432325,0.0,10076.600876666998,0.0,1950.0,5850.0,0.0,-0.0,0.0,0.0,534.9983748372142,2623.1656353102308,50.44549298673521,10.44549298673521,0.0,270.753045510962,0.0,-0.0,-0.0,-0.0
TD_TRANSITION,7,125,7000.0,6300.0,50.0,0.0,1741.4118966080812,0.0,8762.261631884347,0.0,2100.0,6300.0,0.0,-0.0,0.0,0.0,534.9983748372142,1403.6735284924277,26.993721701777456,0.0,23.006278298222544,247.74676721273946,0.0,-0.0,-0.0,-0.0
TD_TRANSITION,8,125,7600.0,6120.0,55.0,0.0,3192.5884771148158,0.0,7886.035468695911,0.0,2040.0,6120.0,0.0,-0.0,0.0,0.0,534.9983748372142,1438.6239458107266,27.665845111744744,0.0,27.334154888255256,220.4126123244842,0.0,-0.0,-0.0,-0.0
TD_TRANSITION,9,125,8100.0,5400.0,55.0,0.0,4353.529741520203,0.0,7009.809305507477,0.0,1800.0,5400.0,0.0,-0.0,0.0,0.0,534.9983748372142,1463.33904702768,28.14113551976308,0.0,26.85886448023692,193.55374784424728,0.0,-0.0,-0.0,-0.0
TD_TRANSITION,10,125,8300.0,4680.0,45.0,0.0,5108.141563383705,0.0,6571.696223913259,0.0,1560.0,4680.0,0.0,-0.0,0.0,0.0,534.9983748372142,1819.837787296964,34.996880524941616,0.0,10.003119475058384,183.5506283691889,0.0,-0.0,-0.0,-0.0
TD_TRANSITION,11,125,8200.0,4320.0,35.0,0.0,5514.47100592559,0.0,6133.583142319043,0.0,1440.0,4320.0,0.0,-0.0,0.0,0.0,534.9983748372142,2008.0541482446333,38.616425927781414,3.616425927781414,0.0,187.16705429697032,0.0,-0.0,-0.0,-0.0
TD_TRANSITION,12,125,8000.0,4140.0,30.0,0.0,2808.303776086741,2415.9319137375032,6571.696223913259,0.0,1380.0,4140.0,0.0,-0.0,0.0,0.0,534.9983748372142,0.0,-0.0,0.0,30.0,157.16705429697032,0.0,-0.0,-0.0,-0.0
TD_TRANSITION,13,125,7900.0,4140.0,30.0,0.0,4527.670931181011,0.0,7447.922387101695,0.0,1380.0,4140.0,0.0,-0.0,0.0,0.0,534.9983748372142,2695.5933182827057,51.83833304389819,21.83833304389819,0.0,179.0053873408685,0.0,-0.0,-0.0,-0.0
TD_TRANSITION,14,125,8000.0,4320.0,35.0,0.0,3366.7296667756236,0.0,8324.148550290129,0.0,1440.0,4320.0,0.0,-0.0,0.0,0.0,534.9983748372142,2250.8782170657523,43.28611955895678,8.286119558956777,0.0,187.2915068998253,0.0,-0.0,-0.0,-0.0
TD_TRANSITION,15,125,8300.0,4680.0,40.0,0.0,2031.647212709428,0.0,9200.374713478563,0.0,1560.0,4680.0,0.0,-0.0,0.0,0.0,534.9983748372142,1372.0219261879906,26.385037042076743,0.0,13.614962957923257,173.67654394190203,0.0,-0.0,-0.0,-0.0
TD_TRANSITION,16,125,8600.0,5130.0,50.0,0.0,696.5647586432325,0.0,9638.48779507278,0.0,1710.0,5130.0,0.0,-0.0,0.0,0.0,534.9983748372142,25.052553716012994,0.4817798791540961,0.0,49.5182201208459,124.15832382105611,0.0,-0.0,-0.0,-0.0
TD_TRANSITION,17,125,9000.0,5760.0,60.0,0.0,116.09412644053874,0.0,10295.657417464106,0.0,1920.0,5760.0,0.0,-0.0,0.0,508.2484560953535,0.0,0.0,-0.0,0.0,60.0,64.15832382105611,0.0,-0.0,-0.0,-0.0
TD_TRANSITION,18,125,8800.0,6300.0,50.0,0.0,0.0,-0.0,10952.827039855432,0.0,2100.0,6300.0,0.0,-0.0,0.0,0.0,-0.0,52.827039855432304,1.0159046126044675,0.0,48.984095387395534,15.174228433660574,0.0,-0.0,-0.0,-0.0
TD_TRANSITION,19,125,8200.0,6480.0,35.0,0.0,0.0,-0.0,11390.94012144965,0.0,2160.0,6480.0,0.0,-0.0,0.0,0.0,-0.0,1030.9401214496502,19.825771566339426,0.0,15.174228433660574,0.0,0.0,-0.0,-0.0,-0.0
TD_TRANSITION,20,125,7400.0,6300.0,25.0,0.0,0.0,-0.0,12048.109743840976,0.0,2100.0,6300.0,0.0,-0.0,-0.0,0.0,0.0,2548.109743840976,49.00211045848031,24.00211045848031,0.0,24.00211045848031,0.0,-0.0,-0.0,-0.0
TD_TRANSITION,21,125,6500.0,6120.0,20.0,0.0,0.0,-0.0,10724.053203043879,1104.999999999989,2040.0,6120.0,0.0,-0.0,-0.0,0.0,0.0,2184.0532030438785,42.00102313545921,22.001023135459207,0.0,46.003133593939516,0.0,-0.0,-0.0,-0.0
TD_TRANSITION,22,125,5800.0,5850.0,15.0,0.0,0.0,-0.0,10952.827039855432,0.0,1950.0,5850.0,0.0,-0.0,486.0433986956803,0.0,461.74122876089626,2716.7836411597527,52.24583925307217,37.24583925307217,0.0,83.24897284701169,0.0,-0.0,-0.0,-0.0
TD_TRANSITION,23,125,5400.0,5670.0,15.0,0.0,0.0,-0.0,10076.600876666998,0.0,1890.0,5670.0,0.0,-0.0,0.0,0.0,461.74122876089626,2786.6008766669984,53.58847839744228,38.58847839744228,0.0,121.83745124445397,0.0,-0.0,-0.0,-0.0
