stochastic_day_id,typical_day_id,uncertainty_case_id,hour,weight_days,electric_load_kw,heat_load_kw,hydrogen_load_kg,grid_buy_kw,grid_sell_kw,pv_used_kw,pv_sold_kw,pv_curtail_kw,wind_used_kw,wind_sold_kw,wind_curtail_kw,heat_pump_power_kw,heat_pump_heat_kw,gas_boiler_heat_kw,gas_consumption_m3,battery_charge_kw,battery_discharge_kw,battery_soc_kwh,electrolyzer_power_kw,h2_production_kg,h2_charge_kg,h2_discharge_kg,h2_storage_kg,h2_external_supply_kg,h2_fuel_cell_kg,fuel_cell_power_kw,carbon_emission_kg
TD_SUMMER__NORMAL,TD_SUMMER,NORMAL,0,88.23529411764706,144526.94,67200.0,923.94,178487.35345726626,0.0,0.0,0.0,0.0,0.0,0.0,0.0,27113.173290296552,67200.0,0.0,0.0,6847.240166969714,0.0,190326.2157096093,0.0,4.547473508864641e-13,0.0,923.9399999999996,6703.549340985843,0.0,0.0,0.0,122245.98838288165
TD_SUMMER__NORMAL,TD_SUMMER,NORMAL,1,88.23529411764706,144526.94,67200.0,923.94,178487.35345726626,0.0,0.0,0.0,0.0,0.0,0.0,0.0,27184.466019417476,67200.0,0.0,0.0,6775.947437848779,0.0,196763.36577556565,0.0,0.0,0.0,923.9399999999996,5779.330026429969,0.0,-4.547473508864641e-13,0.0,122245.98838288165
TD_SUMMER__NORMAL,TD_SUMMER,NORMAL,2,88.23529411764706,144526.94,67200.0,923.94,178487.35345726626,0.0,0.0,0.0,0.0,0.0,0.0,0.0,27300.42656916514,67200.0,0.0,0.0,6659.986888101121,0.0,203090.35331926172,0.0,-4.547473508864641e-13,0.0,923.9400000000005,4855.1492210122,0.0,0.0,0.0,122245.98838288165
TD_SUMMER__NORMAL,TD_SUMMER,NORMAL,3,88.23529411764706,144526.94,67200.0,923.94,178487.35345726626,0.0,0.0,0.0,0.0,0.0,0.0,0.0,27445.374719215844,67200.0,0.0,0.0,6515.038738050411,0.0,209279.6401204096,0.0,0.0,0.0,923.9399999999996,3931.0069231279913,0.0,0.0,0.0,122245.98838288165
TD_SUMMER__NORMAL,TD_SUMMER,NORMAL,4,88.23529411764706,144526.94,67200.0,923.94,172289.79891344765,0.0,0.0,0.0,0.0,0.0,0.0,0.0,27762.858913447635,67200.0,0.0,0.0,0.0,0.0,209279.6401204096,0.0,0.0,0.0,923.9399999999996,3006.9031311728613,0.0,-4.547473508864641e-13,0.0,118001.28327582029
TD_SUMMER__NORMAL,TD_SUMMER,NORMAL,5,88.23529411764706,155405.25,67200.0,923.94,178487.35345726626,0.0,0.0,0.0,0.0,-0.0,0.0,0.0,23082.10345726626,55027.73464212276,12172.265357877237,1293.7959688140784,0.0,0.0,209279.6401204096,0.0,0.0,0.0,923.94,2082.8378435423956,0.0,0.0,0.0,125040.58767552006
TD_SUMMER__NORMAL,TD_SUMMER,NORMAL,6,88.23529411764706,155405.25,67200.0,923.94,43864.907870150695,0.0,0.0,0.0,0.0,-0.0,0.0,0.0,0.0,0.0,67200.0,7142.720483664215,0.0,111540.3421298493,91868.75366793666,0.0,0.0,0.0,923.94,1158.8110586322478,0.0,0.0,0.0,45471.35164498092
TD_SUMMER__NORMAL,TD_SUMMER,NORMAL,7,88.23529411764706,155405.25,67200.0,1078.94,10616.843343956862,-0.0,57513.09067150331,0.0,0.0,-0.0,0.0,0.0,0.0,0.0,67200.0,7142.720483664215,0.0,87275.31598453983,0.0,0.0,0.0,0.0,1078.94,79.82277483813809,0.0,0.0,0.0,22699.75225099076
TD_SUMMER__NORMAL,TD_SUMMER,NORMAL,8,88.23529411764706,166283.675,67200.0,1078.94,0.0,0.0,247723.0514140693,0.0,0.0,0.0,0.0,0.0,26051.56037991859,67200.0,0.0,0.0,0.0,0.0,-0.0,55387.81603415072,1086.0356085127592,7.095608512758034,0.0,86.91505740194452,0.0,1.0658141036401503e-12,0.0,0.0
TD_SUMMER__NORMAL,TD_SUMMER,NORMAL,9,88.23529411764706,166283.675,65836.8,1078.94,0.0,0.0,400924.5885941027,0.0,0.0,0.0,0.0,0.0,24438.307349665927,65836.8,0.0,0.0,10202.606244436756,0.0,9692.475932214918,200000.0,3637.750049514755,2558.810049514755,0.0,2645.7214854559743,0.0,0.0,0.0,0.0
TD_SUMMER__NORMAL,TD_SUMMER,NORMAL,10,88.23529411764706,166283.675,62633.399999999994,1078.94,0.0,0.0,497279.85354520107,0.0,0.0,0.0,0.0,0.0,22043.14774406982,62633.399999999994,0.0,0.0,108953.03080113127,0.0,113197.85519328962,200000.0,3637.750049514755,2558.8100495147537,0.0,5204.4212965755005,0.0,1.3642420526593924e-12,0.0,0.0
TD_SUMMER__NORMAL,TD_SUMMER,NORMAL,11,88.23529411764706,166283.675,59099.399999999994,1078.94,0.0,-0.0,488111.0999598889,0.0,0.0,-0.0,0.0,0.0,19521.50360044923,59099.399999999994,0.0,0.0,102305.92135943967,0.0,210388.4804847573,200000.0,3637.750049514755,2558.8100495147537,0.0,7763.014495202897,0.0,0.0,0.0,0.0
TD_SUMMER__NORMAL,TD_SUMMER,NORMAL,12,88.23529411764706,166283.675,57606.0,1078.94,0.0,37584.166918866744,496370.7009675827,37584.166918866744,0.0,0.0,-0.0,0.0,18546.68383773342,57606.0,0.0,0.0,111540.3421298493,0.0,316351.80550811416,200000.0,3637.750049514755,2558.8100495147555,0.0,10321.501085780352,0.0,0.0,0.0,0.0
TD_SUMMER__NORMAL,TD_SUMMER,NORMAL,13,88.23529411764706,166283.675,56990.4,1078.94,0.0,-0.0,438433.1259885614,0.0,0.0,-0.0,0.0,0.0,18159.06194239103,56990.4,0.0,0.0,53990.3890461704,0.0,367642.67510197614,200000.0,3637.750049514755,2558.8100495147555,0.0,12879.881072749866,0.0,-4.547473508864641e-13,0.0,0.0
TD_SUMMER__NORMAL,TD_SUMMER,NORMAL,14,88.23529411764706,166283.675,57184.2,1078.94,13932.805653000949,0.0,295900.68388961843,-0.0,0.0,-0.0,0.0,0.0,18280.22504954926,57184.2,0.0,0.0,0.0,0.0,367642.67510197614,125269.58949307015,2369.9244039342125,1290.9844039342133,0.0,14170.328814972714,0.0,0.0,0.0,9542.57859174035
TD_SUMMER__NORMAL,TD_SUMMER,NORMAL,15,88.23529411764706,166283.675,59202.0,1078.94,178487.35345726626,-0.0,142699.146709585,0.0,0.0,-0.0,0.0,0.0,19590.337524818002,59202.0,0.0,0.0,0.0,0.0,367642.67510197614,135312.48764203326,2552.522552097178,1473.5825520971812,0.0,15643.320936702605,0.0,-3.183231456205249e-12,0.0,122245.98838288165
TD_SUMMER__NORMAL,TD_SUMMER,NORMAL,16,88.23529411764706,166283.675,63089.399999999994,1078.94,174006.4427425948,-0.0,14670.005736499395,0.0,0.0,-0.0,0.0,0.0,22392.773479094198,63089.399999999994,0.0,0.0,0.0,-0.0,367642.67510197614,0.0,0.0,0.0,1078.9400000000005,14563.729131663575,0.0,0.0,0.0,119177.01263440317
TD_SUMMER__NORMAL,TD_SUMMER,NORMAL,17,88.23529411764706,166283.675,64172.399999999994,1078.94,178487.35345726626,0.0,0.0,0.0,0.0,-0.0,0.0,0.0,12203.678457266273,33767.57829125578,30404.821708744217,3231.743196744133,0.0,-0.0,367642.67510197614,0.0,0.0,0.0,1078.9400000000005,13484.18230961642,0.0,4.547473508864641e-13,0.0,129226.55368784898
TD_SUMMER__NORMAL,TD_SUMMER,NORMAL,18,88.23529411764706,160067.34999999998,64902.0,1078.94,132494.14936735178,0.0,0.0,0.0,0.0,-0.0,0.0,0.0,0.0,0.0,64902.0,6898.464952838912,0.0,27573.20063264819,338618.2533833991,0.0,-4.547473508864641e-13,0.0,1078.9400000000005,12404.680468686853,0.0,0.0,0.0,105645.92719983128
TD_SUMMER__NORMAL,TD_SUMMER,NORMAL,19,88.23529411764706,160067.34999999998,65380.799999999996,1078.94,86538.81497960475,0.0,0.0,0.0,0.0,-0.0,0.0,0.0,0.0,0.0,65380.799999999996,6949.356836285019,0.0,73528.53502039523,261219.7954671936,0.0,0.0,0.0,1078.9400000000005,11325.223607000657,0.0,4.547473508864641e-13,0.0,74281.04514590693
TD_SUMMER__NORMAL,TD_SUMMER,NORMAL,20,88.23529411764706,160067.34999999998,65779.8,923.94,86538.81497960475,0.0,0.0,0.0,0.0,-0.0,0.0,0.0,0.0,0.0,65779.8,6991.766739156777,0.0,73528.53502039523,183821.33755098807,0.0,0.0,0.0,923.9400000000005,10400.811722683697,0.0,0.0,0.0,74372.65053610993
TD_SUMMER__NORMAL,TD_SUMMER,NORMAL,21,88.23529411764706,160067.34999999998,66235.8,923.94,160067.34999999998,0.0,0.0,0.0,0.0,-0.0,0.0,0.0,0.0,0.0,66235.8,7040.235199581641,0.0,0.0,183821.33755098807,0.0,0.0,0.0,923.9400000000005,9476.438355528584,0.0,0.0,0.0,124837.03604609633
TD_SUMMER__NORMAL,TD_SUMMER,NORMAL,22,88.23529411764706,160067.34999999998,66566.4,923.94,178487.35345726626,0.0,0.0,0.0,0.0,-0.0,0.0,0.0,18420.003457266284,49034.04920324285,17532.350796757142,1863.522041112855,0.0,0.0,183821.33755098807,0.0,0.0,0.0,923.9400000000005,8552.103503930435,0.0,4.547473508864641e-13,0.0,126271.19599168542
TD_SUMMER__NORMAL,TD_SUMMER,NORMAL,23,88.23529411764706,155405.25,66908.4,923.94,178487.35345726626,0.0,0.0,0.0,0.0,-0.0,0.0,0.0,23082.103457266265,61098.327851383794,5810.0721486162,617.5553771947602,-0.0,0.0,183821.33755098807,0.0,0.0,0.0,923.9399999999996,7627.807166284439,0.0,0.0,0.0,123579.90799762233
TD_SUMMER__LOAD_HIGH,TD_SUMMER,LOAD_HIGH,0,17.647058823529413,158979.63400000002,73920.0,923.94,178487.35345726626,0.0,0.0,0.0,0.0,0.0,0.0,0.0,19507.719457266237,48349.88267483437,25570.11732516563,2717.8601307761573,0.0,0.0,183821.33755098807,0.0,0.0,0.0,923.9399999999996,6703.549340985843,0.0,-4.547473508864641e-13,0.0,128116.56626535815
TD_SUMMER__LOAD_HIGH,TD_SUMMER,LOAD_HIGH,1,17.647058823529413,158979.63400000002,73920.0,923.94,178487.35345726626,0.0,0.0,0.0,0.0,0.0,0.0,0.0,19507.719457266237,48223.08249836214,25696.917501637858,2731.3377828270563,0.0,0.0,183821.33755098807,0.0,0.0,0.0,923.9399999999996,5779.330026429969,0.0,0.0,0.0,128145.6779937881
TD_SUMMER__LOAD_HIGH,TD_SUMMER,LOAD_HIGH,2,17.647058823529413,158979.63400000002,73920.0,923.94,178487.35345726626,0.0,0.0,0.0,0.0,0.0,0.0,0.0,19507.71945726624,48018.25144406085,25901.74855593915,2753.109374601586,0.0,0.0,183821.33755098807,0.0,0.0,0.0,923.9399999999996,4855.1492210122005,0.0,-4.547473508864641e-13,0.0,128192.70463202108
TD_SUMMER__LOAD_HIGH,TD_SUMMER,LOAD_HIGH,3,17.647058823529413,158979.63400000002,73920.0,923.94,178487.35345726626,0.0,0.0,0.0,0.0,0.0,0.0,0.0,19507.71945726624,47764.65109111639,26155.348908883607,2780.0646787033843,0.0,0.0,183821.33755098807,0.0,-9.094947017729282e-13,0.0,923.940000000001,3931.006923127991,0.0,0.0,0.0,128250.92808888096
TD_SUMMER__LOAD_HIGH,TD_SUMMER,LOAD_HIGH,4,17.647058823529413,158979.63400000002,73920.0,923.94,178487.35345726626,0.0,0.0,0.0,0.0,0.0,0.0,0.0,19507.71945726624,47218.43494631294,26701.56505368706,2838.122256768797,0.0,0.0,183821.33755098807,0.0,0.0,0.0,923.9399999999996,3006.903131172861,0.0,-4.547473508864641e-13,0.0,128376.33245750226
TD_SUMMER__LOAD_HIGH,TD_SUMMER,LOAD_HIGH,5,17.647058823529413,170945.77500000002,73920.0,923.94,178487.35345726626,0.0,0.0,0.0,0.0,-0.0,0.0,0.0,7541.578457266239,17979.123042122712,55940.87695787729,5945.982852993596,0.0,0.0,183821.33755098807,0.0,0.0,0.0,923.9400000000005,2082.8378435423947,0.0,0.0,0.0,135089.3113453478
TD_SUMMER__LOAD_HIGH,TD_SUMMER,LOAD_HIGH,6,17.647058823529413,170945.77500000002,73920.0,923.94,69844.03934695658,0.0,0.0,0.0,0.0,-0.0,0.0,0.0,0.0,0.0,73920.0,7856.9925320306365,0.0,101101.73565304345,77398.4579162055,0.0,0.0,0.0,923.9399999999996,1158.8110586322473,0.0,0.0,0.0,64807.28641791673
TD_SUMMER__LOAD_HIGH,TD_SUMMER,LOAD_HIGH,7,17.647058823529413,170945.77500000002,73920.0,1078.94,39904.14930810149,0.0,57513.09067150331,-0.0,0.0,0.0,-0.0,0.0,0.0,0.0,73920.0,7856.9925320306365,0.0,73528.53502039523,0.0,0.0,0.0,0.0,1078.94,79.82277483813759,0.0,0.0,0.0,44301.455730304886
TD_SUMMER__LOAD_HIGH,TD_SUMMER,LOAD_HIGH,8,17.647058823529413,182912.0425,73920.0,1078.94,14800.855610492661,0.0,247723.0514140693,0.0,0.0,0.0,0.0,0.0,28656.716417910447,73920.0,0.0,0.0,0.0,0.0,-0.0,50955.14810665152,999.1205511108141,0.0,79.81944888918599,0.0,0.0,0.0,0.0,10137.106007626422
TD_SUMMER__LOAD_HIGH,TD_SUMMER,LOAD_HIGH,9,17.647058823529413,182912.0425,72420.48000000001,1078.94,0.0,0.0,400924.5885941027,0.0,0.0,0.0,0.0,0.0,26882.138084632523,72420.48000000001,0.0,0.0,41718.875356257675,0.0,39632.931588444786,149411.5326532125,2794.6089270682965,1715.6689270682964,0.0,1715.6689270682964,0.0,0.0,0.0,0.0
TD_SUMMER__LOAD_HIGH,TD_SUMMER,LOAD_HIGH,10,17.647058823529413,182912.0425,68896.74,1078.94,0.0,0.0,497279.85354520107,0.0,0.0,0.0,0.0,0.0,24247.46251847681,68896.74,0.0,0.0,90120.3485267242,0.0,125247.26268883278,200000.0,3637.750049514755,2558.8100495147546,0.0,4274.407490377756,0.0,0.0,0.0,0.0
TD_SUMMER__LOAD_HIGH,TD_SUMMER,LOAD_HIGH,11,17.647058823529413,182912.0425,65009.34,1078.94,0.0,-0.0,488111.0999598889,0.0,0.0,-0.0,0.0,0.0,21473.65396049415,65009.34,0.0,0.0,83725.40349939471,0.0,204786.39601325773,200000.0,3637.750049514755,2558.8100495147555,0.0,6833.039439580412,0.0,-4.547473508864641e-13,0.0,0.0
TD_SUMMER__LOAD_HIGH,TD_SUMMER,LOAD_HIGH,12,17.647058823529413,182912.0425,63366.600000000006,1078.94,0.0,19101.131035093393,514853.73685135605,19101.131035093393,0.0,-0.0,0.0,0.0,20401.352221506764,63366.600000000006,0.0,0.0,111540.3421298493,0.0,310749.72103661456,200000.0,3637.7500495147556,2558.8100495147555,0.0,9391.564779118518,0.0,0.0,0.0,0.0
TD_SUMMER__LOAD_HIGH,TD_SUMMER,LOAD_HIGH,13,17.647058823529413,182912.0425,62689.44000000001,1078.94,0.0,-0.0,438433.1259885614,0.0,0.0,-0.0,0.0,0.0,19974.968136630134,62689.44000000001,0.0,0.0,35546.11535193131,0.0,344518.5306209493,200000.0,3637.750049514755,2558.8100495147555,0.0,11949.983513434143,0.0,-4.547473508864641e-13,0.0,0.0
TD_SUMMER__LOAD_HIGH,TD_SUMMER,LOAD_HIGH,14,17.647058823529413,182912.0425,62902.62,1078.94,131460.81088175613,0.0,295900.68388961843,-0.0,0.0,-0.0,0.0,0.0,20108.24755450419,62902.62,0.0,0.0,24341.20471687038,0.0,367642.67510197614,200000.0,3637.750049514755,2558.8100495147555,0.0,14508.29564696917,0.0,0.0,0.0,90037.50937291476
TD_SUMMER__LOAD_HIGH,TD_SUMMER,LOAD_HIGH,15,17.647058823529413,182912.0425,65122.200000000004,1078.94,178487.35345726626,0.0,142699.146709585,0.0,0.0,-0.0,-0.0,0.0,21549.371277299804,65122.200000000004,0.0,0.0,0.0,0.0,367642.67510197614,116725.08638955146,2214.5698020520545,1135.629802052059,0.0,15643.320936702605,0.0,0.0,0.0,122245.98838288165
TD_SUMMER__LOAD_HIGH,TD_SUMMER,LOAD_HIGH,16,17.647058823529413,182912.0425,69398.34,1078.94,178487.35345726626,0.0,14670.005736499395,-0.0,0.0,-0.0,0.0,0.0,10245.316693765646,28865.15525301533,40533.18474698467,4308.291800006448,0.0,0.0,367642.67510197614,0.0,0.0,0.0,1078.9400000000005,14563.729131663575,0.0,4.547473508864641e-13,0.0,131551.89867089558
TD_SUMMER__LOAD_HIGH,TD_SUMMER,LOAD_HIGH,17,17.647058823529413,182912.0425,70589.64,1078.94,178487.35345726626,0.0,0.0,0.0,0.0,-0.0,0.0,0.0,0.0,0.0,70589.64,7503.006957775042,0.0,4424.689042733749,362985.1076885722,0.0,0.0,0.0,1078.9400000000005,13484.18230961642,0.0,0.0,0.0,138452.48341167576
TD_SUMMER__LOAD_HIGH,TD_SUMMER,LOAD_HIGH,18,17.647058823529413,176074.085,71392.20000000001,1078.94,102545.54997960477,0.0,0.0,0.0,0.0,-0.0,0.0,0.0,0.0,0.0,71392.20000000001,7588.311448122805,0.0,73528.53502039523,285586.6497723667,0.0,0.0,0.0,1078.9400000000005,12404.680468686853,0.0,4.547473508864641e-13,0.0,86624.19990897656
TD_SUMMER__LOAD_HIGH,TD_SUMMER,LOAD_HIGH,19,17.647058823529413,176074.085,71918.88,1078.94,176074.085,0.0,0.0,0.0,0.0,-0.0,0.0,0.0,0.0,0.0,71918.88,7644.2925199135225,0.0,0.0,285586.6497723667,0.0,0.0,0.0,1078.9400000000005,11325.223607000657,0.0,0.0,0.0,137104.8126595132
TD_SUMMER__LOAD_HIGH,TD_SUMMER,LOAD_HIGH,20,17.647058823529413,176074.085,72357.78000000001,923.94,102545.54997960477,0.0,0.0,0.0,0.0,-0.0,0.0,0.0,0.0,0.0,72357.78000000001,7690.943413072455,0.0,73528.53502039523,208188.19185616117,0.0,0.0,0.0,923.9400000000005,10400.811722683697,0.0,4.547473508864641e-13,0.0,86845.8849532678
TD_SUMMER__LOAD_HIGH,TD_SUMMER,LOAD_HIGH,21,17.647058823529413,176074.085,72859.38,923.94,152925.57341008555,0.0,0.0,0.0,0.0,-0.0,0.0,0.0,0.0,0.0,72859.38,7744.258719539805,0.0,23148.511589914444,183821.33755098807,0.0,-4.547473508864641e-13,0.0,923.9400000000005,9476.438355528584,0.0,0.0,0.0,121466.32406277355
TD_SUMMER__LOAD_HIGH,TD_SUMMER,LOAD_HIGH,22,17.647058823529413,176074.085,73223.04,923.94,178487.35345726626,0.0,0.0,0.0,0.0,-0.0,0.0,0.0,2413.2684572662693,6424.120633242809,66798.91936675718,7100.089429279327,0.0,0.0,183821.33755098807,0.0,0.0,0.0,923.9400000000005,8552.103503930435,0.0,4.547473508864641e-13,0.0,137582.181550125
TD_SUMMER__LOAD_HIGH,TD_SUMMER,LOAD_HIGH,23,17.647058823529413,170945.77500000002,73599.24,923.94,178487.35345726626,0.0,0.0,0.0,0.0,-0.0,0.0,0.0,7541.578457266238,19962.55817638373,53636.68182361628,5701.068838353037,0.0,0.0,183821.33755098807,0.0,0.0,0.0,923.9399999999996,7627.807166284439,0.0,0.0,0.0,134560.2970737242
TD_SUMMER__EXTREME,TD_SUMMER,EXTREME,0,14.117647058823529,158979.63400000002,77280.0,1201.122,178487.35345726626,0.0,0.0,0.0,0.0,0.0,0.0,0.0,0.0,0.0,77280.0,8214.128556213847,0.0,10492.280542733683,172776.83171653157,29999.999999999913,588.2352941176453,0.0,612.8867058823553,7014.602635103487,0.0,0.0,0.0,139988.50606430357
TD_SUMMER__EXTREME,TD_SUMMER,EXTREME,1,14.117647058823529,158979.63400000002,77280.0,1201.122,178487.35345726626,0.0,0.0,0.0,0.0,0.0,0.0,0.0,0.0,0.0,77280.0,8214.128556213847,0.0,10492.280542733683,161732.32588207506,29999.999999999913,588.2352941176454,0.0,612.8867058823544,6401.423654111336,0.0,-3.410605131648481e-13,0.0,139988.50606430357
TD_SUMMER__EXTREME,TD_SUMMER,EXTREME,2,14.117647058823529,158979.63400000002,77280.0,1201.122,178487.35345726626,0.0,0.0,0.0,0.0,0.0,0.0,0.0,0.0,0.0,77280.0,8214.128556213847,0.0,10492.280542733688,150687.82004761856,29999.99999999994,588.2352941176459,0.0,612.8867058823544,5788.270222243394,0.0,0.0,0.0,139988.50606430357
TD_SUMMER__EXTREME,TD_SUMMER,EXTREME,3,14.117647058823529,158979.63400000002,77280.0,1201.122,178487.35345726626,0.0,0.0,0.0,0.0,0.0,0.0,0.0,0.0,0.0,77280.0,8214.128556213847,0.0,10492.280542733679,139643.31421316206,29999.999999999913,588.2352941176454,0.0,612.8867058823544,5175.142338435112,0.0,-3.410605131648481e-13,0.0,139988.50606430357
TD_SUMMER__EXTREME,TD_SUMMER,EXTREME,4,14.117647058823529,158979.63400000002,77280.0,1201.122,178487.35345726626,0.0,0.0,0.0,0.0,0.0,0.0,0.0,0.0,0.0,77280.0,8214.128556213847,0.0,10492.280542733683,128598.80837870555,29999.999999999913,588.2352941176454,0.0,612.8867058823544,4562.040001621989,0.0,0.0,0.0,139988.50606430357
TD_SUMMER__EXTREME,TD_SUMMER,EXTREME,5,14.117647058823529,170945.77500000002,77280.0,1201.122,178487.35345726626,0.0,0.0,0.0,0.0,-0.0,0.0,0.0,7541.5784572663715,17979.12304212303,59300.87695787697,6303.118877176773,-0.0,0.0,128598.80837870555,0.0,0.0,0.0,1201.1220000000003,3360.7279166219214,0.0,2.2737367544323206e-13,0.0,135860.72515758348
TD_SUMMER__EXTREME,TD_SUMMER,EXTREME,6,14.117647058823529,170945.77500000002,77280.0,1201.122,122305.44206062504,0.0,0.0,0.0,0.0,-0.0,0.0,0.0,0.0,0.0,77280.0,8214.128556213847,0.0,48640.33293937499,77398.45791620557,0.0,2.2737367544323206e-13,0.0,1201.1219999999998,2159.4658862920624,0.0,0.0,0.0,101509.51494874399
TD_SUMMER__EXTREME,TD_SUMMER,EXTREME,7,14.117647058823529,170945.77500000002,77280.0,1402.622,57158.076509552484,0.0,40259.163470052314,-0.0,0.0,0.0,-0.0,0.0,0.0,0.0,77280.0,8214.128556213847,0.0,73528.53502039523,0.0,0.0,0.0,0.0,1402.6220000000021,756.753908546798,0.0,2.0463630789890885e-12,0.0,56890.08428281441
TD_SUMMER__EXTREME,TD_SUMMER,EXTREME,8,14.117647058823529,182912.0425,77280.0,1402.622,178487.35345726626,0.0,173406.13598984852,0.0,0.0,0.0,0.0,0.0,28981.446947114804,74757.64240008264,2522.3575999173627,268.1026085722597,0.0,0.0,-0.0,140000.0,2637.750049514755,1235.1280495147553,0.0,1991.850426648697,0.0,-2.2737367544323206e-13,0.0,122825.09001739774
TD_SUMMER__EXTREME,TD_SUMMER,EXTREME,9,14.117647058823529,182912.0425,75712.31999999999,1402.622,130368.88393624395,0.0,280647.2120158719,0.0,0.0,0.0,0.0,0.0,28104.05345211581,75712.31999999999,0.0,0.0,0.0,0.0,-0.0,200000.0,3637.750049514755,2235.128049514755,0.0,4226.895482395675,0.0,0.0,0.0,89289.64860793347
TD_SUMMER__EXTREME,TD_SUMMER,EXTREME,10,14.117647058823529,182912.0425,72028.40999999999,1402.622,60165.76492403955,0.0,348095.89748164074,0.0,0.0,0.0,0.0,0.0,25349.619905680294,72028.40999999999,0.0,0.0,0.0,0.0,-0.0,200000.0,3637.750049514755,2235.1280495147566,0.0,6461.847411265331,0.0,-1.5916157281026244e-12,0.0,41207.532396474686
TD_SUMMER__EXTREME,TD_SUMMER,EXTREME,11,14.117647058823529,182912.0425,67964.30999999998,1402.622,175224.34379844368,-0.0,341677.7699719223,0.0,0.0,-0.0,0.0,0.0,22449.729140516607,67964.30999999998,0.0,0.0,111540.3421298493,0.0,105963.32502335684,200000.0,3637.750049514755,2235.128049514755,0.0,8696.70621713795,0.0,0.0,0.0,120011.15306755407
TD_SUMMER__EXTREME,TD_SUMMER,EXTREME,12,14.117647058823529,182912.0425,66246.9,1402.622,142012.66352272814,-0.0,373768.4075205146,0.0,0.0,-0.0,0.0,0.0,21328.686413393432,66246.9,0.0,0.0,111540.3421298493,0.0,211926.65004671368,200000.0,3637.750049514755,2235.128049514755,0.0,10931.471903893656,0.0,2.2737367544323206e-13,0.0,97264.4732467165
TD_SUMMER__EXTREME,TD_SUMMER,EXTREME,13,14.117647058823529,182912.0425,65538.95999999999,1402.622,178487.35345726626,0.0,306903.188191993,-0.0,0.0,-0.0,0.0,0.0,20882.92123374968,65538.95999999999,0.0,0.0,81595.57791550955,0.0,289442.44906644773,200000.0,3637.750049514755,2235.128049514753,0.0,13166.144475412413,0.0,0.0,0.0,122245.98838288165
TD_SUMMER__EXTREME,TD_SUMMER,EXTREME,14,14.117647058823529,182912.0425,65761.82999999999,1402.622,178487.35345726626,0.0,207130.4787227329,-0.0,0.0,-0.0,0.0,0.0,21022.258806981645,65761.82999999999,0.0,0.0,0.0,0.0,289442.44906644773,181683.5308730175,3332.475564065047,1929.8535640650462,0.0,15095.449450124317,0.0,6.821210263296962e-13,0.0,122245.98838288165
TD_SUMMER__EXTREME,TD_SUMMER,EXTREME,15,14.117647058823529,182912.0425,68082.29999999999,1402.622,178487.35345726626,-0.0,99889.4026967095,0.0,0.0,-0.0,0.0,0.0,22528.888153540698,68082.29999999999,0.0,0.0,0.0,-0.0,289442.44906644773,72935.82550043505,1416.0229123174256,13.400912317425536,0.0,15108.22138538132,0.0,0.0,0.0,122245.98838288165
TD_SUMMER__EXTREME,TD_SUMMER,EXTREME,16,14.117647058823529,182912.0425,72552.80999999998,1402.622,178487.35345726626,-0.0,10269.004015549575,0.0,0.0,-0.0,0.0,0.0,5844.314972815826,16465.77300441131,56087.03699558867,5961.518274053927,0.0,-0.0,289442.44906644773,0.0,0.0,0.0,1402.6219999999994,13704.969876156929,0.0,-6.821210263296962e-13,0.0,135122.86785483814
TD_SUMMER__EXTREME,TD_SUMMER,EXTREME,17,14.117647058823529,182912.0425,73798.26,1402.622,178487.35345726626,0.0,0.0,0.0,0.0,-0.0,0.0,0.0,0.0,0.0,73798.26,7844.0527285829985,0.0,4424.689042733749,284784.8816530438,0.0,0.0,0.0,1402.6219999999994,12301.776835745422,0.0,-6.821210263296962e-13,0.0,139189.14227662093
TD_SUMMER__EXTREME,TD_SUMMER,EXTREME,18,14.117647058823529,176074.085,74637.29999999999,1402.622,102545.54997960477,0.0,0.0,0.0,0.0,-0.0,0.0,0.0,0.0,0.0,74637.29999999999,7933.234695764748,0.0,73528.53502039523,207386.42373683827,0.0,0.0,0.0,1402.6219999999994,10898.6422617106,0.0,0.0,0.0,87369.23412388316
TD_SUMMER__EXTREME,TD_SUMMER,EXTREME,19,14.117647058823529,176074.085,75187.91999999998,1402.622,153687.2531234423,0.0,0.0,0.0,0.0,-0.0,0.0,0.0,0.0,0.0,75187.91999999998,7991.760361727771,0.0,22386.831876557695,183821.33755098807,0.0,0.0,0.0,1402.6219999999994,9495.566151616362,0.0,-6.821210263296962e-13,0.0,122522.6020455776
TD_SUMMER__EXTREME,TD_SUMMER,EXTREME,20,14.117647058823529,176074.085,75646.77,1201.122,176074.085,0.0,0.0,0.0,0.0,-0.0,0.0,0.0,0.0,0.0,75646.77,8040.531750030293,0.0,-0.0,183821.33755098807,0.0,0.0,0.0,1201.1219999999994,8294.048503026712,0.0,0.0,0.0,137960.68939656543
TD_SUMMER__EXTREME,TD_SUMMER,EXTREME,21,14.117647058823529,176074.085,76171.17,1201.122,176074.085,0.0,0.0,0.0,0.0,-0.0,0.0,0.0,0.0,0.0,76171.17,8096.2704795188865,0.0,0.0,183821.33755098807,0.0,0.0,0.0,1201.1220000000003,7092.580917672419,0.0,2.2737367544323206e-13,0.0,138081.08505226078
TD_SUMMER__EXTREME,TD_SUMMER,EXTREME,22,14.117647058823529,176074.085,76551.35999999999,1201.122,178487.35345726626,0.0,0.0,0.0,0.0,-0.0,0.0,0.0,2413.2684572662693,6424.120633242809,70127.23936675717,7453.85817094881,0.0,0.0,183821.33755098807,0.0,0.0,0.0,1201.1220000000003,5891.163393467515,0.0,0.0,0.0,138346.32203213108
TD_SUMMER__EXTREME,TD_SUMMER,EXTREME,23,14.117647058823529,170945.77500000002,76944.65999999999,1201.122,178487.35345726626,0.0,0.0,0.0,0.0,-0.0,0.0,0.0,7541.578457266297,19962.558176383885,56982.1018236161,6056.655147288434,0.0,0.0,183821.33755098807,0.0,0.0,1736.8892379583185,0.0,7627.807166284439,2938.011237958319,2.2737367544323206e-13,0.0,135328.36350102467
TD_WINTER__NORMAL,TD_WINTER,NORMAL,0,88.23529411764706,131959.38,151200.0,923.94,178487.35345726626,0.0,0.0,0.0,0.0,0.0,0.0,0.0,38202.12656130512,94683.97068219475,56516.02931780525,6007.116075352007,8325.84689596112,0.0,191730.89210215115,0.0,4.547473508864641e-13,0.0,923.9399999999996,6703.549340985843,0.0,0.0,0.0,135221.35910564198
TD_WINTER__NORMAL,TD_WINTER,NORMAL,1,88.23529411764706,131959.38,151200.0,923.94,178487.35345726626,0.0,0.0,0.0,0.0,0.0,0.0,0.0,38202.12656130513,94435.65685954627,56764.343140453726,6033.509471593201,8325.84689596112,0.0,199640.44665331423,0.0,0.0,0.0,923.9399999999996,5779.330026429969,0.0,-4.547473508864641e-13,0.0,135278.36884152296
TD_WINTER__NORMAL,TD_WINTER,NORMAL,2,88.23529411764706,131959.38,151200.0,923.94,178487.35345726626,0.0,0.0,0.0,0.0,0.0,0.0,0.0,38202.12656130513,94034.53453065257,57165.46546934743,6076.144957828978,8325.84689596112,0.0,207550.0012044773,0.0,0.0,0.0,923.9400000000005,4855.1492210122,0.0,4.547473508864641e-13,0.0,135370.46149179226
TD_WINTER__NORMAL,TD_WINTER,NORMAL,3,88.23529411764706,131959.38,151200.0,923.94,178487.35345726626,0.0,0.0,0.0,0.0,0.0,0.0,0.0,38202.12656130513,93537.90688535561,57662.09311464439,6128.931750311366,8325.84689596112,0.0,215459.55575564038,0.0,0.0,0.0,923.94,3931.006923127991,0.0,0.0,0.0,135484.4809635542
TD_WINTER__NORMAL,TD_WINTER,NORMAL,4,88.23529411764706,131959.38,151200.0,923.94,170161.50656130514,0.0,0.0,0.0,0.0,0.0,0.0,0.0,38202.12656130513,92468.24734163907,58731.75265836093,6242.626380273435,0.0,0.0,215459.55575564038,0.0,0.0,0.0,923.94,3006.9031311728604,0.0,0.0,0.0,130027.6888252285
TD_WINTER__NORMAL,TD_WINTER,NORMAL,5,88.23529411764706,141891.75,151200.0,923.94,178487.35345726626,0.0,0.0,0.0,0.0,-0.0,0.0,0.0,36595.60345726626,87243.91864212276,63956.081357877236,6797.9228031220955,0.0,0.0,215459.55575564038,0.0,0.0,0.0,923.94,2082.8378435423947,0.0,0.0,0.0,136929.5016376254
TD_WINTER__NORMAL,TD_WINTER,NORMAL,6,88.23529411764706,141891.75,151200.0,923.94,39290.89764455508,0.0,0.0,0.0,0.0,-0.0,0.0,0.0,8939.489774404385,21200.0,130000.0,13817.762840421845,0.0,111540.3421298493,98048.66930316704,0.0,0.0,0.0,923.94,1158.8110586322468,0.0,0.0,0.0,56756.70353206696
TD_WINTER__NORMAL,TD_WINTER,NORMAL,7,88.23529411764706,141891.75,151200.0,1078.94,0.0,-0.0,57513.09067150331,0.0,0.0,-0.0,0.0,0.0,8767.576509511993,21200.0,130000.0,13817.762840421845,0.0,93146.2358380087,0.0,0.0,0.0,0.0,1078.94,79.8227748381371,0.0,0.0,0.0,29846.36773531119
TD_WINTER__NORMAL,TD_WINTER,NORMAL,8,88.23529411764706,151824.225,151200.0,1078.94,0.0,0.0,247723.0514140693,0.0,0.0,0.0,0.0,0.0,44943.6783074178,115932.21819398421,35267.78180601579,3748.6295761790043,0.0,0.0,-0.0,50955.14810665155,999.1205511108146,0.0,79.8194488891855,0.0,0.0,7.105427357601002e-14,0.0,8097.039884546652
TD_WINTER__NORMAL,TD_WINTER,NORMAL,9,88.23529411764706,151824.225,148132.80000000002,1078.94,0.0,0.0,400924.58859410277,0.0,0.0,0.0,0.0,0.0,44943.6783074178,121078.26936018355,27054.53063981647,2875.639139537771,36825.493736335105,0.0,34984.219049518346,167331.19155034987,3093.269908687253,2014.329908687253,0.0,2014.329908687253,0.0,0.0,0.0,6211.380541401588
TD_WINTER__NORMAL,TD_WINTER,NORMAL,10,88.23529411764706,151824.225,140925.15000000002,1078.94,0.0,0.0,497279.85354520107,0.0,0.0,0.0,0.0,0.0,44943.6783074178,127702.96754269695,13222.182457303075,1405.392164829231,100511.95023778331,0.0,130470.57177541249,200000.0,3637.750049514755,2558.8100495147546,0.0,4573.056027789145,0.0,4.547473508864641e-13,0.0,3035.6470760311386
TD_WINTER__NORMAL,TD_WINTER,NORMAL,11,88.23529411764706,151824.225,132973.65000000002,1078.94,0.0,-0.0,488111.0999598889,0.0,0.0,-0.0,0.0,0.0,43923.383101010775,132973.65000000002,0.0,0.0,92363.49185887811,0.0,218215.8890413467,200000.0,3637.750049514755,2558.8100495147555,0.0,7131.675533302743,0.0,-4.547473508864641e-13,0.0,0.0
TD_WINTER__NORMAL,TD_WINTER,NORMAL,12,88.23529411764706,151824.225,129613.50000000001,1078.94,0.0,28860.262121699925,505094.6057647495,28860.262121699925,0.0,0.0,-0.0,0.0,41730.0386349002,129613.50000000001,0.0,0.0,111540.3421298493,0.0,324179.21406470356,200000.0,3637.750049514755,2558.8100495147555,0.0,9690.188429670277,0.0,0.0,0.0,0.0
TD_WINTER__NORMAL,TD_WINTER,NORMAL,13,88.23529411764706,151824.225,128228.40000000001,1078.94,0.0,-0.0,438433.1259885614,0.0,0.0,-0.0,0.0,0.0,40857.88937037982,128228.40000000001,0.0,0.0,45751.0116181816,0.0,367642.67510197614,200000.0,3637.750049514755,2558.8100495147555,0.0,12248.594721333797,0.0,-4.547473508864641e-13,0.0,0.0
TD_WINTER__NORMAL,TD_WINTER,NORMAL,14,88.23529411764706,151824.225,128664.45000000001,1078.94,69800.71863495963,0.0,295900.68388961843,-0.0,0.0,0.0,-0.0,0.0,41130.506361485845,128664.45000000001,0.0,0.0,0.0,0.0,367642.67510197614,172746.67116309222,3183.5279022329587,2104.587902232959,0.0,14352.672265453366,0.0,0.0,0.0,47806.51219308385
TD_WINTER__NORMAL,TD_WINTER,NORMAL,15,88.23529411764706,151824.225,133204.5,1078.94,178487.35345726626,-0.0,142699.146709585,0.0,0.0,-0.0,0.0,0.0,44078.2594308405,133204.5,0.0,0.0,0.0,0.0,367642.67510197614,125284.01573601074,2370.186699260405,1291.2466992603004,0.0,15643.320936702605,0.0,1.0459189070388675e-10,0.0,122245.98838288165
TD_WINTER__NORMAL,TD_WINTER,NORMAL,16,88.23529411764706,151824.225,141951.15000000002,1078.94,178487.35345726626,-0.0,14670.005736499395,0.0,0.0,-0.0,0.0,0.0,41333.134193765654,116451.97227751536,25499.17772248466,2710.3199261158543,0.0,0.0,367642.67510197614,0.0,0.0,0.0,1078.9400000000005,14563.729131663575,0.0,0.0,0.0,128100.2794232919
TD_WINTER__NORMAL,TD_WINTER,NORMAL,17,88.23529411764706,151824.225,144387.90000000002,1078.94,178487.35345726626,0.0,0.0,0.0,0.0,-0.0,0.0,0.0,26663.128457266255,73776.87644125572,70611.0235587443,7505.279826570527,0.0,0.0,367642.67510197614,0.0,0.0,0.0,1078.9400000000005,13484.18230961642,0.0,4.547473508864641e-13,0.0,138457.392808274
TD_WINTER__NORMAL,TD_WINTER,NORMAL,18,88.23529411764706,146148.45,146029.5,1078.94,124436.12688106298,0.0,0.0,0.0,0.0,-0.0,0.0,0.0,5860.877513711152,16029.5,130000.0,13817.762840421845,0.0,27573.20063264819,338618.2533833991,0.0,-4.547473508864641e-13,0.0,1078.9400000000005,12404.680468686853,0.0,0.0,0.0,115072.67103615122
TD_WINTER__NORMAL,TD_WINTER,NORMAL,19,88.23529411764706,146148.45,147106.80000000002,1078.94,78923.08373421054,0.0,0.0,0.0,0.0,-0.0,0.0,0.0,6303.168754605755,17106.800000000017,130000.0,13817.762840421845,0.0,73528.53502039523,261219.7954671936,0.0,0.0,0.0,1078.9400000000005,11325.223607000657,0.0,4.547473508864641e-13,0.0,83900.78778487198
TD_WINTER__NORMAL,TD_WINTER,NORMAL,20,88.23529411764706,146148.45,148004.55000000002,923.94,79296.9222112013,0.0,0.0,0.0,0.0,-0.0,0.0,0.0,6677.007231596521,18004.550000000017,130000.0,13817.762840421845,0.0,73528.53502039523,183821.33755098807,0.0,0.0,0.0,923.9400000000005,10400.811722683697,0.0,4.547473508864641e-13,0.0,84156.82975776296
TD_WINTER__NORMAL,TD_WINTER,NORMAL,21,88.23529411764706,146148.45,149030.55000000002,923.94,153258.68725014012,0.0,0.0,0.0,0.0,-0.0,0.0,0.0,7110.237250140115,19030.550000000017,130000.0,13817.762840421845,0.0,0.0,183821.33755098807,0.0,0.0,0.0,923.9400000000005,9476.438355528584,0.0,0.0,0.0,134813.24263293215
TD_WINTER__NORMAL,TD_WINTER,NORMAL,22,88.23529411764706,146148.45,149774.40000000002,923.94,178487.35345726626,0.0,0.0,0.0,0.0,-0.0,0.0,0.0,32338.90345726625,86086.16100324276,63688.23899675727,6769.453709086908,0.0,0.0,183821.33755098807,0.0,0.0,0.0,923.9400000000005,8552.103503930435,0.0,4.547473508864641e-13,0.0,136868.00839450938
TD_WINTER__NORMAL,TD_WINTER,NORMAL,23,88.23529411764706,141891.75,150543.90000000002,923.94,178487.35345726626,0.0,0.0,0.0,0.0,-0.0,0.0,0.0,36595.60345726626,96868.56235138379,53675.33764861623,5705.177584678038,0.0,0.0,183821.33755098807,0.0,0.0,0.0,923.9399999999996,7627.807166284439,0.0,0.0,0.0,134569.17196578623
TD_WINTER__LOAD_HIGH,TD_WINTER,LOAD_HIGH,0,17.647058823529413,145155.31800000003,166320.0,923.94,178487.35345726626,0.0,0.0,0.0,0.0,0.0,0.0,0.0,33332.03545726623,82613.44988083435,83706.55011916565,8897.209674896276,0.0,0.0,183821.33755098807,0.0,0.0,0.0,923.9399999999996,6703.549340985843,0.0,-4.547473508864641e-13,0.0,141463.96128065762
TD_WINTER__LOAD_HIGH,TD_WINTER,LOAD_HIGH,1,17.647058823529413,145155.31800000003,166320.0,923.94,178487.35345726626,0.0,0.0,0.0,0.0,0.0,0.0,0.0,33332.03545726623,82396.79165036212,83923.20834963788,8920.238382943127,0.0,0.0,183821.33755098807,0.0,0.0,0.0,923.9399999999996,5779.330026429969,0.0,0.0,0.0,141513.7032900388
TD_WINTER__LOAD_HIGH,TD_WINTER,LOAD_HIGH,2,17.647058823529413,145155.31800000003,166320.0,923.94,178487.35345726626,0.0,0.0,0.0,0.0,0.0,0.0,0.0,33332.03545726623,82046.80527806083,84273.19472193917,8957.438603634197,0.0,0.0,183821.33755098807,0.0,0.0,0.0,923.9400000000005,4855.1492210122,0.0,4.547473508864641e-13,0.0,141594.05576673153
TD_WINTER__LOAD_HIGH,TD_WINTER,LOAD_HIGH,3,17.647058823529413,145155.31800000003,166320.0,923.94,178487.35345726626,0.0,0.0,0.0,0.0,0.0,0.0,0.0,33332.03545726623,81613.48881711638,84706.51118288362,9003.496019727898,0.0,0.0,183821.33755098807,0.0,0.0,0.0,923.94,3931.006923127991,0.0,0.0,0.0,141693.53978549392
TD_WINTER__LOAD_HIGH,TD_WINTER,LOAD_HIGH,4,17.647058823529413,145155.31800000003,166320.0,923.94,178487.35345726626,0.0,0.0,0.0,0.0,0.0,0.0,0.0,33332.03545726623,80680.19182431292,85639.80817568708,9102.696608237415,0.0,0.0,183821.33755098807,0.0,0.0,0.0,923.94,3006.9031311728604,0.0,0.0,0.0,141907.81305667447
TD_WINTER__LOAD_HIGH,TD_WINTER,LOAD_HIGH,5,17.647058823529413,156080.92500000002,166320.0,923.94,178487.35345726626,0.0,0.0,0.0,0.0,-0.0,0.0,0.0,22406.428457266244,53416.92544212272,112903.07455787728,12000.522370732413,0.0,0.0,183821.33755098807,0.0,0.0,0.0,923.94,2082.8378435423947,0.0,0.0,0.0,148167.11670366366
TD_WINTER__LOAD_HIGH,TD_WINTER,LOAD_HIGH,6,17.647058823529413,156080.92500000002,166320.0,923.94,97867.59132896173,0.0,0.0,0.0,0.0,-0.0,0.0,0.0,15315.201349356947,36320.0,130000.0,13817.762840421845,0.0,73528.53502039523,106422.87963478257,0.0,0.0,0.0,923.94,1158.8110586322468,0.0,0.0,0.0,96875.88103651706
TD_WINTER__LOAD_HIGH,TD_WINTER,LOAD_HIGH,7,17.647058823529413,156080.92500000002,166320.0,1078.94,12486.776921937955,0.0,57513.09067150331,-0.0,0.0,0.0,-0.0,0.0,15020.678246484697,36320.0,130000.0,13817.762840421845,0.0,101101.73565304345,-0.0,0.0,0.0,0.0,1078.94,79.8227748381371,0.0,0.0,0.0,38398.56124914649
TD_WINTER__LOAD_HIGH,TD_WINTER,LOAD_HIGH,8,17.647058823529413,167006.64750000002,166320.0,1078.94,15182.422500000059,0.0,247723.0514140693,0.0,0.0,0.0,0.0,0.0,44943.6783074178,115932.21819398421,50387.78180601579,5355.741685003453,0.0,0.0,0.0,50955.14810665155,999.1205511108146,0.0,79.8194488891855,0.0,0.0,0.0,0.0,21966.8432098575
TD_WINTER__LOAD_HIGH,TD_WINTER,LOAD_HIGH,9,17.647058823529413,167006.64750000002,162946.08000000005,1078.94,0.0,0.0,400924.5885941027,0.0,0.0,0.0,0.0,0.0,44943.6783074178,121078.26936018355,41867.8106398165,4450.149831297498,31390.965190357034,0.0,29821.41693083918,157583.29759632787,2930.805009453553,1851.8650094535528,0.0,1851.8650094535528,0.0,0.0,0.0,9612.323635602595
TD_WINTER__LOAD_HIGH,TD_WINTER,LOAD_HIGH,10,17.647058823529413,167006.64750000002,155017.66500000004,1078.94,0.0,0.0,497279.85354520107,0.0,0.0,0.0,0.0,0.0,44943.6783074178,127702.96754269695,27314.69745730309,2903.2923963299054,85329.52773778327,0.0,110884.46828173328,200000.0,3637.750049514755,2558.810049514755,0.0,4410.597897926247,0.0,0.0,0.0,6271.111576072595
TD_WINTER__LOAD_HIGH,TD_WINTER,LOAD_HIGH,11,17.647058823529413,167006.64750000002,146271.01500000004,1078.94,0.0,-0.0,488111.0999598889,0.0,0.0,-0.0,0.0,0.0,44943.67830741781,136062.49170787667,10208.52329212337,1085.0688753960244,76160.7741524711,0.0,183237.20372658083,200000.0,3637.750049514755,2558.8100495147546,0.0,6969.224172528588,0.0,4.547473508864641e-13,0.0,2343.748770855411
TD_WINTER__LOAD_HIGH,TD_WINTER,LOAD_HIGH,12,17.647058823529413,167006.64750000002,142574.85000000003,1078.94,0.0,10464.199949182337,523490.6679372671,10464.199949182337,0.0,-0.0,0.0,0.0,44943.6783074178,139595.0648228397,2979.7851771603455,316.7228068723542,111540.3421298493,0.0,289200.52874993766,200000.0,3637.7500495147556,2558.8100495147555,0.0,9527.743837702821,0.0,0.0,0.0,684.1212628442845
TD_WINTER__LOAD_HIGH,TD_WINTER,LOAD_HIGH,13,17.647058823529413,167006.64750000002,141051.24000000002,1078.94,47045.73483925166,-0.0,438433.1259885614,0.0,0.0,-0.0,0.0,0.0,44943.6783074178,141051.24000000002,0.0,0.0,73528.53502039523,0.0,359052.6370193131,200000.0,3637.750049514755,2558.8100495147555,0.0,12086.156897891005,0.0,-4.547473508864641e-13,0.0,32221.623791403457
TD_WINTER__LOAD_HIGH,TD_WINTER,LOAD_HIGH,14,17.647058823529413,167006.64750000002,141530.89500000002,1078.94,125091.787267971,0.0,295900.68388961843,-0.0,0.0,-0.0,0.0,0.0,44943.67830741781,140592.8144812644,938.0805187356309,99.70903179314499,9042.1453501716,0.0,367642.67510197614,200000.0,3637.750049514755,2558.8100495147555,0.0,14644.463357535014,0.0,-4.547473508864641e-13,0.0,85890.73660850653
TD_WINTER__LOAD_HIGH,TD_WINTER,LOAD_HIGH,15,17.647058823529413,167006.64750000002,146524.95,1078.94,178487.35345726626,0.0,142699.146709585,-0.0,0.0,0.0,-0.0,0.0,44943.67830741781,135819.7958450166,10705.154154983407,1137.856009874748,-0.0,0.0,367642.67510197614,109236.17435943347,2078.4077651408184,999.4677651408219,0.0,15643.320936702605,0.0,0.0,0.0,124703.75736421111
TD_WINTER__LOAD_HIGH,TD_WINTER,LOAD_HIGH,16,17.647058823529413,167006.64750000002,156146.26500000004,1078.94,178487.35345726626,0.0,14670.005736499395,0.0,0.0,-0.0,-0.0,0.0,26150.711693765636,73677.0151260153,82469.24987398474,8765.696433740079,0.0,0.0,367642.67510197614,0.0,0.0,0.0,1078.9400000000005,14563.729131663575,0.0,4.547473508864641e-13,0.0,141179.89267976023
TD_WINTER__LOAD_HIGH,TD_WINTER,LOAD_HIGH,17,17.647058823529413,167006.64750000002,158826.69000000003,1078.94,178487.35345726626,0.0,0.0,0.0,0.0,-0.0,0.0,0.0,11480.70595726624,31767.113383755684,127059.57661624435,13505.223817597489,0.0,0.0,367642.67510197614,0.0,0.0,0.0,1078.9400000000005,13484.18230961642,0.0,0.0,0.0,151417.27182889223
TD_WINTER__LOAD_HIGH,TD_WINTER,LOAD_HIGH,18,17.647058823529413,160763.295,160632.45,1078.94,98434.92451342563,0.0,0.0,0.0,0.0,-0.0,0.0,0.0,11200.164533820845,30632.45000000001,130000.0,13817.762840421845,0.0,73528.53502039523,290244.2171857706,0.0,0.0,0.0,1078.9400000000005,12404.680468686853,0.0,4.547473508864641e-13,0.0,97264.4475345564
TD_WINTER__LOAD_HIGH,TD_WINTER,LOAD_HIGH,19,17.647058823529413,160763.295,161817.48000000004,1078.94,144913.55788982788,0.0,0.0,0.0,0.0,-0.0,0.0,0.0,11723.463522476064,31817.48000000004,130000.0,13817.762840421845,0.0,27573.20063264819,261219.7954671936,0.0,0.0,0.0,1078.9400000000005,11325.223607000657,0.0,0.0,0.0,129097.66353405429
TD_WINTER__LOAD_HIGH,TD_WINTER,LOAD_HIGH,20,17.647058823529413,160763.295,162805.00500000003,923.94,99400.53227702739,0.0,0.0,0.0,0.0,-0.0,0.0,0.0,12165.772297422598,32805.005000000034,130000.0,13817.762840421845,0.0,73528.53502039523,183821.33755098807,0.0,0.0,0.0,923.9400000000005,10400.811722683697,0.0,4.547473508864641e-13,0.0,97925.79229184725
TD_WINTER__LOAD_HIGH,TD_WINTER,LOAD_HIGH,21,17.647058823529413,160763.295,163933.60500000004,923.94,173441.6454576873,0.0,0.0,0.0,0.0,-0.0,0.0,0.0,12678.350457687293,33933.60500000004,130000.0,13817.762840421845,0.0,0.0,183821.33755098807,0.0,-4.547473508864641e-13,0.0,923.9400000000005,9476.438355528584,0.0,0.0,0.0,148636.5507092812
TD_WINTER__LOAD_HIGH,TD_WINTER,LOAD_HIGH,22,17.647058823529413,160763.295,164751.84000000003,923.94,178487.35345726626,0.0,0.0,0.0,0.0,-0.0,0.0,0.0,17724.05845726625,47181.44361324275,117570.39638675727,12496.61426405078,0.0,0.0,183821.33755098807,0.0,0.0,0.0,923.9400000000005,8552.103503930435,0.0,4.547473508864641e-13,0.0,149238.67519323135
TD_WINTER__LOAD_HIGH,TD_WINTER,LOAD_HIGH,23,17.647058823529413,156080.92500000002,165598.29000000004,923.94,178487.35345726626,0.0,0.0,0.0,0.0,-0.0,0.0,0.0,22406.428457266244,59309.81612638375,106288.47387361628,11297.45326658464,0.0,0.0,183821.33755098807,0.0,0.0,0.0,923.9399999999996,7627.807166284439,0.0,-4.547473508864641e-13,0.0,146648.48743870447
TD_WINTER__EXTREME,TD_WINTER,EXTREME,0,14.117647058823529,145155.31800000003,173880.0,1201.122,178487.35345726626,0.0,0.0,0.0,0.0,0.0,0.0,0.0,33332.0354572662,82613.44988083429,91266.55011916571,9700.765729308507,0.0,0.0,183821.33755098807,1.0353035198141953e-10,1.917228740396658e-12,0.0,1201.1219999999985,6426.367340985844,0.0,0.0,0.0,143199.64235818802
TD_WINTER__EXTREME,TD_WINTER,EXTREME,1,14.117647058823529,145155.31800000003,173880.0,1201.122,178487.35345726626,0.0,0.0,0.0,0.0,0.0,0.0,0.0,33332.03545726621,82396.79165036207,91483.20834963793,9723.794437355358,0.0,0.0,183821.33755098807,0.0,0.0,0.0,1201.1220000000003,5224.977575679969,0.0,2.2737367544323206e-13,0.0,143249.38436756923
TD_WINTER__EXTREME,TD_WINTER,EXTREME,2,14.117647058823529,145155.31800000003,173880.0,1201.122,178487.35345726626,0.0,0.0,0.0,0.0,0.0,0.0,0.0,17826.52853950843,43880.0,130000.0,13817.762840421845,0.0,14494.49308224215,168563.9764117858,29999.99999999994,588.2352941176459,0.0,612.8867058823544,4611.873162398628,0.0,0.0,0.0,152092.35611819284
TD_WINTER__EXTREME,TD_WINTER,EXTREME,3,14.117647058823529,145155.31800000003,173880.0,1201.122,178487.35345726626,0.0,0.0,0.0,0.0,0.0,0.0,0.0,33332.035457266225,81613.48881711636,92266.51118288364,9807.052074140123,0.0,0.0,168563.9764117858,0.0,0.0,0.0,1201.1220000000003,3410.5590010168607,0.0,2.2737367544323206e-13,0.0,143429.22086302433
TD_WINTER__EXTREME,TD_WINTER,EXTREME,4,14.117647058823529,145155.31800000003,173880.0,1201.122,178487.35345726626,0.0,0.0,0.0,0.0,0.0,0.0,0.0,18128.485850030986,43880.0,130000.0,13817.762840421845,0.0,14796.450392764678,152988.76547203353,29999.99999999991,588.2352941176453,0.0,612.8867058823548,2797.530188509463,0.0,0.0,0.0,152092.35611819284
TD_WINTER__EXTREME,TD_WINTER,EXTREME,5,14.117647058823529,156080.92500000002,173880.0,1201.122,178487.35345726626,0.0,0.0,0.0,0.0,-0.0,0.0,0.0,22406.428457266327,53416.92544212292,120463.07455787709,12804.078425144617,0.0,0.0,152988.76547203353,0.0,0.0,0.0,1201.122,1596.2916247516084,0.0,0.0,0.0,149902.79778119404
TD_WINTER__EXTREME,TD_WINTER,EXTREME,6,14.117647058823529,156080.92500000002,173880.0,1201.122,101055.44711643802,0.0,0.0,0.0,0.0,-0.0,0.0,0.0,18503.057136833228,43880.0,130000.0,13817.762840421845,0.0,73528.53502039523,75590.30755582803,0.0,0.0,0.0,1201.122,395.1031126005769,0.0,0.0,0.0,99059.24346535958
TD_WINTER__EXTREME,TD_WINTER,EXTREME,7,14.117647058823529,156080.92500000002,173880.0,1402.622,62158.19846688218,0.0,40259.163470052314,-0.0,0.0,-0.0,0.0,0.0,18147.22911497105,43880.0,130000.0,13817.762840421845,0.0,71810.79217803657,0.0,0.0,0.0,0.0,395.08664997088516,0.0,1007.5353500291149,-5.684341886080802e-14,0.0,72418.51786527879
TD_WINTER__EXTREME,TD_WINTER,EXTREME,8,14.117647058823529,167006.64750000002,173880.0,1402.622,178487.35345726626,0.0,173406.13598984852,0.0,0.0,0.0,0.0,0.0,44886.841947114764,115785.60880258253,58094.39119741747,6174.880922496962,-0.0,0.0,-0.0,140000.0,2637.750049514755,1235.128049514755,0.0,1235.128049514755,0.0,0.0,0.0,135583.73117547508
TD_WINTER__EXTREME,TD_WINTER,EXTREME,9,14.117647058823529,167006.64750000002,170352.72,1402.622,131303.11379154594,0.0,280647.2120158719,0.0,0.0,0.0,0.0,0.0,44943.6783074178,121078.26936018355,49274.45063981645,5237.405177177356,-0.0,0.0,-0.0,200000.0,3637.750049514755,2235.1280495147557,0.0,3470.204635360781,0.0,0.0,0.0,101242.29781853288
TD_WINTER__EXTREME,TD_WINTER,EXTREME,10,14.117647058823529,167006.64750000002,162063.92250000002,1402.622,63854.42832577708,0.0,348095.89748164074,0.0,0.0,0.0,0.0,0.0,44943.6783074178,127702.96754269695,34360.95495730307,3652.242512080239,-0.0,0.0,-0.0,200000.0,3637.750049514755,2235.1280495147553,0.0,5705.1880930157295,0.0,-2.2737367544323206e-13,0.0,51622.74178641804
TD_WINTER__EXTREME,TD_WINTER,EXTREME,11,14.117647058823529,167006.64750000002,152919.6975,1402.622,178487.35345726626,-0.0,341677.7699719223,0.0,0.0,-0.0,0.0,0.0,44943.67830741781,136062.49170787667,16857.205792123335,1791.7605522134286,108214.79762177073,0.0,102804.0577406822,200000.0,3637.750049514755,2235.128049514755,0.0,7940.078426359942,0.0,0.0,0.0,126116.19117566265
TD_WINTER__EXTREME,TD_WINTER,EXTREME,12,14.117647058823529,167006.64750000002,149055.525,1402.622,149722.2604167525,-0.0,373768.4075205146,0.0,0.0,-0.0,0.0,0.0,44943.6783074178,139595.0648228397,9460.460177160305,1005.5568853019718,111540.3421298493,0.0,208767.38276403904,200000.0,3637.750049514755,2235.128049514755,0.0,10174.875639273598,0.0,2.2737367544323206e-13,0.0,104716.77903168605
TD_WINTER__EXTREME,TD_WINTER,EXTREME,13,14.117647058823529,167006.64750000002,147462.66,1402.622,178487.35345726626,0.0,306903.188191993,-0.0,0.0,-0.0,0.0,0.0,44943.6783074178,141051.24000000002,6411.419999999984,681.4729310025939,73440.21584184145,0.0,278535.58781378844,200000.0,3637.750049514755,2235.128049514755,0.0,12409.579735636715,0.0,0.0,0.0,123717.96991384725
TD_WINTER__EXTREME,TD_WINTER,EXTREME,14,14.117647058823529,167006.64750000002,147964.1175,1402.622,178487.35345726626,0.0,207130.4787227329,0.0,0.0,-0.0,-0.0,0.0,44943.67830741781,140592.8144812644,7371.303018735605,783.4993610598017,0.0,0.0,278535.58781378844,173667.50637258135,3198.8751557244445,1796.2531557244438,0.0,14205.315825538839,0.0,6.821210263296962e-13,0.0,123938.34700277082
TD_WINTER__EXTREME,TD_WINTER,EXTREME,15,14.117647058823529,167006.64750000002,153185.175,1402.622,178487.35345726626,-0.0,99889.4026967095,0.0,0.0,-0.0,0.0,0.0,44943.67830741781,135819.7958450166,17365.379154983384,1845.7745445966577,0.0,-0.0,278535.58781378844,66426.4303465579,1295.4785576159964,0.0,107.14344238400372,14097.580494995436,0.0,0.0,0.0,126232.86139921044
TD_WINTER__EXTREME,TD_WINTER,EXTREME,16,14.117647058823529,167006.64750000002,163243.8225,1402.622,178487.35345726626,-0.0,10269.004015549575,0.0,0.0,-0.0,0.0,0.0,21749.709972815814,61277.63287741128,101966.18962258873,10838.035584203186,0.0,0.0,278535.58781378844,0.0,0.0,0.0,1402.6219999999994,12694.371095808145,0.0,-6.821210263296962e-13,0.0,145656.14524476053
TD_WINTER__EXTREME,TD_WINTER,EXTREME,17,14.117647058823529,167006.64750000002,166046.08500000002,1402.622,178487.35345726626,0.0,0.0,0.0,0.0,-0.0,0.0,0.0,13027.135887242504,36046.08500000001,130000.00000000001,13817.762840421847,0.0,1546.4299299762642,276907.7668348661,0.0,0.0,0.0,1402.6219999999994,11291.220163679152,0.0,-6.821210263296962e-13,0.0,152092.35611819284
TD_WINTER__EXTREME,TD_WINTER,EXTREME,18,14.117647058823529,160763.295,167933.925,1402.622,101104.56802348046,0.0,0.0,0.0,0.0,-0.0,0.0,0.0,13869.808043875682,37933.92499999999,130000.0,13817.762840421845,0.0,73528.53502039523,199509.30891866056,0.0,0.0,0.0,1402.6219999999994,9888.127696172332,0.0,0.0,0.0,99092.88637459294
TD_WINTER__EXTREME,TD_WINTER,EXTREME,19,14.117647058823529,160763.295,169172.82,1402.622,175196.9059064112,0.0,0.0,0.0,0.0,-0.0,0.0,0.0,14433.610906411204,39172.82000000001,130000.0,13817.762840421845,0.0,0.0,199509.30891866056,0.0,0.0,0.0,1402.6219999999994,8485.093690851658,0.0,-6.821210263296962e-13,0.0,149838.7285906122
TD_WINTER__EXTREME,TD_WINTER,EXTREME,20,14.117647058823529,160763.295,170205.2325,1201.122,175673.44983033565,0.0,0.0,0.0,0.0,-0.0,0.0,0.0,14910.154830335625,40205.23250000001,130000.0,13817.762840421845,0.0,-0.0,199509.30891866056,0.0,0.0,0.0,1201.1220000000003,7283.618145281204,0.0,0.0,0.0,150165.11352410808
TD_WINTER__EXTREME,TD_WINTER,EXTREME,21,14.117647058823529,160763.295,171385.1325,1201.122,161322.129262172,0.0,0.0,0.0,0.0,-0.0,0.0,0.0,15462.407061460866,41385.13250000001,130000.0,13817.762840421845,0.0,14903.57279928887,183821.33755098807,0.0,0.0,0.0,1201.1220000000003,6082.192661191817,0.0,2.2737367544323206e-13,0.0,140335.8940669728
TD_WINTER__EXTREME,TD_WINTER,EXTREME,22,14.117647058823529,160763.295,172240.56000000003,1201.122,178487.35345726626,0.0,0.0,0.0,0.0,-0.0,0.0,0.0,17724.058457266245,47181.44361324274,125059.11638675729,13292.59393280712,0.0,0.0,183821.33755098807,0.0,0.0,0.0,1201.1220000000003,4880.8172364976,0.0,0.0,0.0,150957.99127774502
TD_WINTER__EXTREME,TD_WINTER,EXTREME,23,14.117647058823529,156080.92500000002,173125.48500000002,1201.122,178487.35345726626,0.0,0.0,0.0,0.0,-0.0,0.0,0.0,22406.42845726623,59309.8161263837,113815.66887361632,12097.52246168933,0.0,0.0,183821.33755098807,0.0,0.0,2747.1932971716933,0.0,7627.807166284439,3948.3152971716936,2.2737367544323206e-13,0.0,148376.6369001306
TD_TRANSITION__NORMAL,TD_TRANSITION,NORMAL,0,91.91176470588235,125675.6,100800.0,923.94,163877.72656130523,0.0,0.0,0.0,0.0,0.0,0.0,0.0,38202.12656130512,94683.97068219475,6116.0293178052525,650.075712603846,0.0,0.0,183821.33755098807,0.0,4.547473508864641e-13,0.0,923.9399999999996,6703.549340985843,0.0,0.0,0.0,113644.01846106225
TD_TRANSITION__NORMAL,TD_TRANSITION,NORMAL,1,91.91176470588235,125675.6,100800.0,923.94,163877.72656130517,0.0,0.0,0.0,0.0,0.0,0.0,0.0,38202.12656130513,94435.65685954627,6364.343140453726,676.4691088450397,0.0,0.0,183821.33755098807,0.0,0.0,0.0,923.9399999999996,5779.330026429969,0.0,-4.547473508864641e-13,0.0,113701.0281969432
TD_TRANSITION__NORMAL,TD_TRANSITION,NORMAL,2,91.91176470588235,125675.6,100800.0,923.94,178487.35345726626,0.0,0.0,0.0,0.0,0.0,0.0,0.0,38202.12656130513,94034.53453065257,6765.4654693474295,719.1045950808158,14609.626895961113,0.0,197700.48310215113,0.0,0.0,0.0,923.9400000000005,4855.1492210122,0.0,4.547473508864641e-13,0.0,123799.25430825622
TD_TRANSITION__NORMAL,TD_TRANSITION,NORMAL,3,91.91176470588235,125675.6,100800.0,923.94,165370.01743255433,0.0,0.0,0.0,0.0,0.0,0.0,0.0,38202.12656130513,93537.90688535561,7262.093114644391,771.8913875632046,1492.290871249304,0.0,199118.15942983798,0.0,0.0,0.0,923.94,3931.006923127991,0.0,0.0,0.0,114929.21033669298
TD_TRANSITION__NORMAL,TD_TRANSITION,NORMAL,4,91.91176470588235,125675.6,100800.0,923.94,163877.72656130514,0.0,0.0,0.0,0.0,0.0,0.0,0.0,38202.12656130513,92468.24734163907,8331.752658360929,885.5860175252736,0.0,0.0,199118.15942983798,0.0,0.0,0.0,923.94,3006.9031311728604,0.0,0.0,0.0,114152.72071969247
TD_TRANSITION__NORMAL,TD_TRANSITION,NORMAL,5,91.91176470588235,135135.0,100800.0,923.94,173337.12656130514,0.0,0.0,0.0,0.0,-0.0,0.0,0.0,38202.12656130513,91073.86972215143,9726.13027784857,1033.795088725829,0.0,0.0,199118.15942983798,0.0,0.0,0.0,923.94,2082.8378435423947,0.0,0.0,0.0,120951.59537348567
TD_TRANSITION__NORMAL,TD_TRANSITION,NORMAL,6,91.91176470588235,135135.0,100800.0,923.94,23594.657870150695,0.0,0.0,0.0,0.0,-0.0,0.0,0.0,0.0,0.0,100800.0,10714.080725496324,0.0,111540.3421298493,81707.27297736493,0.0,0.0,0.0,923.94,1158.8110586322468,0.0,0.0,0.0,39302.39554233827
TD_TRANSITION__NORMAL,TD_TRANSITION,NORMAL,7,91.91176470588235,135135.0,100800.0,1078.94,0.0,-0.0,57513.09067150331,0.0,0.0,-0.0,0.0,0.0,0.0,0.0,100800.0,10714.080725496324,0.0,77621.9093284967,0.0,0.0,0.0,0.0,1078.94,79.8227748381371,0.0,0.0,0.0,23142.41436707206
TD_TRANSITION__NORMAL,TD_TRANSITION,NORMAL,8,91.91176470588235,144594.5,100800.0,1078.94,0.0,0.0,247723.0514140693,0.0,0.0,0.0,0.0,0.0,39077.34056987789,100800.0,0.0,0.0,0.0,-0.0,0.0,64051.21084419144,1251.4930112758761,172.5530112758765,0.0,252.37246016506197,0.0,-3.979039320256561e-13,0.0,0.0
TD_TRANSITION__NORMAL,TD_TRANSITION,NORMAL,9,91.91176470588235,144594.5,98755.2,1078.94,0.0,0.0,400924.5885941027,0.0,0.0,0.0,0.0,0.0,36657.46102449889,98755.2,0.0,0.0,19672.627569603792,0.0,18688.996191123602,200000.0,3637.750049514755,2558.810049514755,0.0,2811.1719941606434,0.0,0.0,0.0,0.0
TD_TRANSITION__NORMAL,TD_TRANSITION,NORMAL,10,91.91176470588235,144594.5,93950.1,1078.94,0.0,8080.289799247053,489199.563745954,8080.289799247053,0.0,0.0,0.0,0.0,33064.72161610474,93950.1,0.0,0.0,111540.3421298493,0.0,124652.32121448044,200000.0,3637.750049514755,2558.8100495147555,0.0,5369.864911508976,0.0,-4.547473508864641e-13,0.0,0.0
TD_TRANSITION__NORMAL,TD_TRANSITION,NORMAL,11,91.91176470588235,144594.5,88649.1,1078.94,0.0,36595.39988246496,451515.70007742394,36595.39988246496,0.0,0.0,-0.0,0.0,29282.255400673846,88649.1,0.0,0.0,77638.94467675014,0.0,198409.31865739307,200000.0,3637.750049514755,2558.8100495147555,0.0,7928.451216652418,0.0,-4.547473508864641e-13,0.0,0.0
TD_TRANSITION__NORMAL,TD_TRANSITION,NORMAL,12,91.91176470588235,144594.5,86409.0,1078.94,0.0,50000.0,483954.86788644944,50000.0,0.0,0.0,-0.0,0.0,27820.02575660013,86409.0,0.0,0.0,111540.3421298493,0.0,304372.6436807499,200000.0,3637.750049514755,2558.8100495147555,0.0,10486.930914033146,0.0,0.0,0.0,0.0
TD_TRANSITION__NORMAL,TD_TRANSITION,NORMAL,13,91.91176470588235,144594.5,85485.6,1078.94,0.0,-0.0,438433.1259885614,0.0,0.0,-0.0,0.0,0.0,27238.592913586544,85485.6,0.0,0.0,66600.0330749749,0.0,367642.67510197614,200000.0,3637.750049514755,2558.8100495147555,0.0,13045.30400809315,0.0,-4.547473508864641e-13,0.0,0.0
TD_TRANSITION__NORMAL,TD_TRANSITION,NORMAL,14,91.91176470588235,144594.5,85776.3,1078.94,0.0,0.0,295900.68388961843,-0.0,0.0,-0.0,0.0,0.0,27420.337574323894,85776.3,0.0,0.0,0.0,0.0,367642.67510197614,123885.84631529453,2344.765437065565,1265.825437065565,0.0,14310.585890825043,0.0,0.0,0.0,0.0
TD_TRANSITION__NORMAL,TD_TRANSITION,NORMAL,15,91.91176470588235,144594.5,88803.0,1078.94,158879.52947026255,-0.0,142699.146709585,0.0,0.0,-0.0,0.0,0.0,29385.506287227003,88803.0,0.0,0.0,0.0,0.0,367642.67510197614,127598.66989262054,2412.2713202896743,1333.331320289677,0.0,15643.320936702601,0.0,-2.7284841053187847e-12,0.0,108816.58973418281
TD_TRANSITION__NORMAL,TD_TRANSITION,NORMAL,16,91.91176470588235,144594.5,94634.1,1078.94,163513.65448214192,-0.0,14670.005736499395,0.0,0.0,-0.0,0.0,0.0,33589.1602186413,94634.1,0.0,0.0,0.0,-0.0,367642.67510197614,0.0,0.0,0.0,1078.9400000000005,14563.729131663571,0.0,0.0,0.0,111990.50195481899
TD_TRANSITION__NORMAL,TD_TRANSITION,NORMAL,17,91.91176470588235,144594.5,96258.6,1078.94,178487.35345726626,0.0,0.0,0.0,0.0,-0.0,0.0,0.0,33892.85345726626,93781.52551625574,2477.0744837442617,263.28944426491216,0.0,-0.0,367642.67510197614,0.0,0.0,0.0,1078.9400000000005,13484.182309616417,0.0,4.547473508864641e-13,0.0,122814.69358249387
TD_TRANSITION__NORMAL,TD_TRANSITION,NORMAL,18,91.91176470588235,139189.0,97353.0,1078.94,65660.46497960477,0.0,0.0,0.0,0.0,-0.0,0.0,0.0,0.0,0.0,97353.0,10347.697429258369,0.0,73528.53502039523,290244.2171857706,0.0,-4.547473508864641e-13,0.0,1078.9400000000005,12404.680468686849,0.0,0.0,0.0,67321.87891172938
TD_TRANSITION__NORMAL,TD_TRANSITION,NORMAL,19,91.91176470588235,139189.0,98071.2,1078.94,65660.46497960477,0.0,0.0,0.0,0.0,-0.0,0.0,0.0,0.0,0.0,98071.2,10424.03525442753,0.0,73528.53502039523,212845.7592695651,0.0,0.0,0.0,1078.9400000000005,11325.223607000653,0.0,4.547473508864641e-13,0.0,67486.76861409478
TD_TRANSITION__NORMAL,TD_TRANSITION,NORMAL,20,91.91176470588235,139189.0,98669.7,923.94,111615.7993673518,0.0,0.0,0.0,0.0,-0.0,0.0,0.0,0.0,0.0,98669.7,10487.650108735164,0.0,27573.20063264819,183821.33755098807,0.0,0.0,0.0,923.9400000000005,10400.811722683693,0.0,4.547473508864641e-13,0.0,99098.98522156721
TD_TRANSITION__NORMAL,TD_TRANSITION,NORMAL,21,91.91176470588235,139189.0,99353.7,923.94,139189.0,0.0,0.0,0.0,0.0,-0.0,0.0,0.0,0.0,0.0,99353.7,10560.35279937246,0.0,0.0,183821.33755098807,0.0,0.0,0.0,923.9400000000005,9476.43835552858,0.0,0.0,0.0,118140.9081466445
TD_TRANSITION__NORMAL,TD_TRANSITION,NORMAL,22,91.91176470588235,139189.0,99849.6,923.94,176698.2411720511,0.0,0.0,0.0,0.0,-0.0,0.0,0.0,37509.24117205109,99849.6,0.0,0.0,0.0,0.0,183821.33755098807,0.0,0.0,0.0,923.9399999999969,8552.103503930435,0.0,-3.183231456205249e-12,0.0,121020.62537873778
TD_TRANSITION__NORMAL,TD_TRANSITION,NORMAL,23,91.91176470588235,135135.0,100362.6,923.94,173050.60256894596,0.0,0.0,0.0,0.0,-0.0,0.0,0.0,37915.60256894598,100362.6,0.0,0.0,0.0,0.0,183821.33755098807,0.0,0.0,0.0,923.9399999999996,7627.807166284439,0.0,0.0,0.0,118522.35769947109
TD_TRANSITION__LOAD_HIGH,TD_TRANSITION,LOAD_HIGH,0,18.38235294117647,138243.16,110880.00000000001,923.94,178487.35345726626,0.0,0.0,0.0,0.0,0.0,0.0,0.0,38202.12656130512,94683.97068219475,16196.029317805267,1721.4837851534799,2042.0668959611212,0.0,185761.30110215113,0.0,0.0,0.0,923.9399999999996,6703.549340985843,0.0,-4.547473508864641e-13,0.0,125964.39335881316
TD_TRANSITION__LOAD_HIGH,TD_TRANSITION,LOAD_HIGH,1,18.38235294117647,138243.16,110880.00000000001,923.94,178487.35345726626,0.0,0.0,0.0,0.0,0.0,0.0,0.0,38202.12656130513,94435.65685954627,16444.34314045374,1747.8771813946735,2042.0668959611212,0.0,187701.2646533142,0.0,0.0,0.0,923.9399999999996,5779.330026429969,0.0,0.0,0.0,126021.40309469415
TD_TRANSITION__LOAD_HIGH,TD_TRANSITION,LOAD_HIGH,2,18.38235294117647,138243.16,110880.00000000001,923.94,178487.35345726626,0.0,0.0,0.0,0.0,0.0,0.0,0.0,38202.12656130513,94034.53453065257,16845.465469347444,1790.5126676304496,2042.0668959611212,0.0,189641.22820447726,0.0,0.0,0.0,923.9400000000005,4855.1492210122,0.0,4.547473508864641e-13,0.0,126113.49574496342
TD_TRANSITION__LOAD_HIGH,TD_TRANSITION,LOAD_HIGH,3,18.38235294117647,138243.16,110880.00000000001,923.94,178487.35345726626,0.0,0.0,0.0,0.0,0.0,0.0,0.0,38202.12656130513,93537.90688535561,17342.093114644405,1843.2994601128385,2042.0668959611212,0.0,191581.19175564032,0.0,0.0,0.0,923.94,3931.006923127991,0.0,0.0,0.0,126227.51521672538
TD_TRANSITION__LOAD_HIGH,TD_TRANSITION,LOAD_HIGH,4,18.38235294117647,138243.16,110880.00000000001,923.94,176445.28656130514,0.0,0.0,0.0,0.0,0.0,0.0,0.0,38202.12656130513,92468.24734163907,18411.752658360943,1956.9940900749075,0.0,0.0,191581.19175564032,0.0,0.0,0.0,923.94,3006.9031311728604,0.0,0.0,0.0,125074.48400039968
TD_TRANSITION__LOAD_HIGH,TD_TRANSITION,LOAD_HIGH,5,18.38235294117647,148648.5,110880.00000000001,923.94,178487.35345726626,0.0,0.0,0.0,0.0,-0.0,0.0,0.0,29838.85345726626,71135.82664212276,39744.173357877255,4224.4273980596945,0.0,0.0,191581.19175564032,0.0,0.0,0.0,923.94,2082.8378435423947,0.0,0.0,0.0,131370.7515626906
TD_TRANSITION__LOAD_HIGH,TD_TRANSITION,LOAD_HIGH,6,18.38235294117647,148648.5,110880.00000000001,923.94,40174.90285253692,0.0,0.0,0.0,0.0,-0.0,0.0,0.0,0.0,0.0,110880.00000000001,11785.488798045957,0.0,108473.59714746308,77398.4579162055,0.0,0.0,0.0,923.94,1158.8110586322468,0.0,0.0,0.0,52972.4467674818
TD_TRANSITION__LOAD_HIGH,TD_TRANSITION,LOAD_HIGH,7,18.38235294117647,148648.5,110880.00000000001,1078.94,17606.87430810147,0.0,57513.09067150331,-0.0,0.0,0.0,-0.0,0.0,0.0,0.0,110880.00000000001,11785.488798045957,0.0,73528.53502039523,-0.0,0.0,0.0,0.0,1078.94,79.8227748381371,0.0,0.0,0.0,37515.60401739796
TD_TRANSITION__LOAD_HIGH,TD_TRANSITION,LOAD_HIGH,8,18.38235294117647,159053.95,110880.00000000001,1078.94,5271.121319447928,0.0,247723.0514140693,0.0,0.0,0.0,0.0,0.0,42985.07462686568,110880.00000000001,0.0,0.0,0.0,0.0,0.0,50955.14810665155,999.1205511108146,0.0,79.8194488891855,0.0,0.0,0.0,0.0,3610.1909916898853
TD_TRANSITION__LOAD_HIGH,TD_TRANSITION,LOAD_HIGH,9,18.38235294117647,159053.95,108630.72,1078.94,0.0,0.0,400924.5885941027,0.0,0.0,0.0,0.0,0.0,40323.20712694878,108630.72,0.0,0.0,27333.844880928566,0.0,25967.152636882136,174213.5865862253,3207.9764926185103,2129.0364926185102,0.0,2129.0364926185102,0.0,0.0,0.0,0.0
TD_TRANSITION__LOAD_HIGH,TD_TRANSITION,LOAD_HIGH,10,18.38235294117647,159053.95,103345.11000000002,1078.94,0.0,0.0,497279.85354520107,0.0,0.0,0.0,0.0,0.0,36371.19377771521,103345.11000000002,0.0,0.0,101854.70976748585,0.0,122729.1269159937,200000.0,3637.750049514755,2558.810049514756,0.0,4687.757832279407,0.0,0.0,0.0,0.0
TD_TRANSITION__LOAD_HIGH,TD_TRANSITION,LOAD_HIGH,11,18.38235294117647,159053.95,97514.01000000001,1078.94,0.0,0.0,488111.0999598889,-0.0,0.0,-0.0,0.0,0.0,32210.480940741232,97514.01000000001,0.0,0.0,96846.6690191477,0.0,214733.462484184,200000.0,3637.750049514755,2558.8100495147555,0.0,7246.372558551151,0.0,-4.547473508864641e-13,0.0,0.0
TD_TRANSITION__LOAD_HIGH,TD_TRANSITION,LOAD_HIGH,12,18.38235294117647,159053.95,95049.90000000001,1078.94,0.0,32758.54742433998,501196.32046210946,32758.54742433998,0.0,0.0,-0.0,0.0,30602.028332260146,95049.90000000001,0.0,0.0,111540.3421298493,0.0,320696.78750754084,200000.0,3637.7500495147547,2558.8100495147546,0.0,9804.880675875966,0.0,0.0,0.0,0.0
TD_TRANSITION__LOAD_HIGH,TD_TRANSITION,LOAD_HIGH,13,18.38235294117647,159053.95,94034.16000000002,1078.94,0.0,-0.0,438433.1259885614,0.0,0.0,-0.0,0.0,0.0,29962.452204945203,94034.16000000002,0.0,0.0,49416.72378361621,0.0,367642.67510197614,200000.0,3637.750049514755,2558.8100495147555,0.0,12363.282188695892,0.0,-4.547473508864641e-13,0.0,0.0
TD_TRANSITION__LOAD_HIGH,TD_TRANSITION,LOAD_HIGH,14,18.38235294117647,159053.95,94353.93000000001,1078.94,54245.34796291974,0.0,295900.68388961843,-0.0,0.0,-0.0,0.0,0.0,30162.371331756283,94353.93000000001,0.0,0.0,-0.0,0.0,367642.67510197614,160929.71052078187,2986.578558194453,1907.6385581944523,0.0,14270.40561013248,0.0,4.547473508864641e-13,0.0,37152.638819803724
TD_TRANSITION__LOAD_HIGH,TD_TRANSITION,LOAD_HIGH,15,18.38235294117647,159053.95,97683.3,1078.94,178487.35345726626,0.0,142699.146709585,0.0,0.0,-0.0,-0.0,0.0,32324.056915949706,97683.3,0.0,0.0,0.0,0.0,367642.67510197614,129808.49325090152,2452.449926803874,1373.5099268038775,0.0,15643.320936702601,0.0,0.0,0.0,122245.98838288165
TD_TRANSITION__LOAD_HIGH,TD_TRANSITION,LOAD_HIGH,16,18.38235294117647,159053.95,104097.51000000001,1078.94,178487.35345726626,0.0,14670.005736499395,0.0,0.0,-0.0,-0.0,0.0,34103.40919376565,96082.94506251534,8014.564937484669,851.8719813486422,0.0,-0.0,367642.67510197614,0.0,0.0,0.0,1078.9400000000005,14563.729131663571,0.0,4.547473508864641e-13,0.0,124086.03186259471
TD_TRANSITION__LOAD_HIGH,TD_TRANSITION,LOAD_HIGH,17,18.38235294117647,159053.95,105884.46000000002,1078.94,178487.35345726626,0.0,0.0,0.0,0.0,-0.0,0.0,0.0,19433.40345726625,53772.22736625571,52112.23263374431,5539.034397061313,0.0,0.0,367642.67510197614,0.0,0.0,0.0,1078.9400000000005,13484.182309616417,0.0,0.0,0.0,134210.30268053408
TD_TRANSITION__LOAD_HIGH,TD_TRANSITION,LOAD_HIGH,18,18.38235294117647,153107.90000000002,107088.3,1078.94,79579.3649796048,0.0,0.0,0.0,0.0,-0.0,0.0,0.0,0.0,0.0,107088.3,11382.467172184206,0.0,73528.53502039523,290244.2171857706,0.0,0.0,0.0,1078.9400000000005,12404.680468686849,0.0,4.547473508864641e-13,0.0,79090.03616644921
TD_TRANSITION__LOAD_HIGH,TD_TRANSITION,LOAD_HIGH,19,18.38235294117647,153107.90000000002,107878.32,1078.94,125534.69936735183,0.0,0.0,0.0,0.0,-0.0,0.0,0.0,0.0,0.0,107878.32,11466.438779870283,0.0,27573.20063264819,261219.7954671936,0.0,0.0,0.0,1078.9400000000005,11325.223607000653,0.0,0.0,0.0,110746.22336121908
TD_TRANSITION__LOAD_HIGH,TD_TRANSITION,LOAD_HIGH,20,18.38235294117647,153107.90000000002,108536.67000000001,923.94,79579.3649796048,0.0,0.0,0.0,0.0,-0.0,0.0,0.0,0.0,0.0,108536.67000000001,11536.415119608682,0.0,73528.53502039523,183821.33755098807,0.0,0.0,0.0,923.9400000000005,10400.811722683693,0.0,4.547473508864641e-13,0.0,79422.56373288608
TD_TRANSITION__LOAD_HIGH,TD_TRANSITION,LOAD_HIGH,21,18.38235294117647,153107.90000000002,109289.07,923.94,153107.90000000002,0.0,0.0,0.0,0.0,-0.0,0.0,0.0,0.0,0.0,109289.07,11616.388079309707,0.0,0.0,183821.33755098807,0.0,-4.547473508864641e-13,0.0,923.9400000000005,9476.43835552858,0.0,0.0,0.0,129954.99896130899
TD_TRANSITION__LOAD_HIGH,TD_TRANSITION,LOAD_HIGH,22,18.38235294117647,153107.90000000002,109834.56000000001,923.94,178487.35345726626,0.0,0.0,0.0,0.0,-0.0,0.0,0.0,25379.453457266238,67560.10510324272,42274.45489675729,4493.372245934633,0.0,0.0,183821.33755098807,0.0,0.0,0.0,923.9399999999969,8552.103503930435,0.0,-3.183231456205249e-12,0.0,131951.67243410047
TD_TRANSITION__LOAD_HIGH,TD_TRANSITION,LOAD_HIGH,23,18.38235294117647,148648.5,110398.86000000002,923.94,178487.35345726626,0.0,0.0,0.0,0.0,-0.0,0.0,0.0,29838.85345726626,78983.44510138378,31415.414898616233,3339.159635404109,0.0,0.0,183821.33755098807,0.0,0.0,0.0,923.9399999999996,7627.807166284439,0.0,-4.547473508864641e-13,0.0,129458.57319535453
TD_TRANSITION__EXTREME,TD_TRANSITION,EXTREME,0,14.705882352941176,138243.16,115919.99999999999,1201.122,178487.35345726626,0.0,0.0,0.0,0.0,0.0,0.0,0.0,0.0,0.0,115919.99999999999,12321.19283432077,0.0,0.0,183821.33755098807,40244.19345726626,789.1018324954168,0.0,412.0201675045837,7215.469173481259,0.0,0.0,0.0,148859.7649050145
TD_TRANSITION__EXTREME,TD_TRANSITION,EXTREME,1,14.705882352941176,138243.16,115919.99999999999,1201.122,178487.35345726626,0.0,0.0,0.0,0.0,0.0,0.0,0.0,0.0,0.0,115919.99999999999,12321.19283432077,0.0,0.0,183821.33755098807,40244.19345726626,789.1018324954168,0.0,412.0201675045828,6803.14836142778,0.0,-4.547473508864641e-13,0.0,148859.7649050145
TD_TRANSITION__EXTREME,TD_TRANSITION,EXTREME,2,14.705882352941176,138243.16,115919.99999999999,1201.122,178487.35345726626,0.0,0.0,0.0,0.0,0.0,0.0,0.0,0.0,0.0,115919.99999999999,12321.19283432077,0.0,0.0,183821.33755098807,40244.19345726626,789.1018324954168,0.0,412.0201675045828,6390.844729408138,0.0,0.0,0.0,148859.7649050145
TD_TRANSITION__EXTREME,TD_TRANSITION,EXTREME,3,14.705882352941176,138243.16,115919.99999999999,1201.122,178487.35345726626,0.0,0.0,0.0,0.0,0.0,0.0,0.0,0.0,0.0,115919.99999999999,12321.19283432077,0.0,0.0,183821.33755098807,40244.19345726626,789.1018324954168,0.0,412.0201675045837,5978.558276706495,0.0,4.547473508864641e-13,0.0,148859.7649050145
TD_TRANSITION__EXTREME,TD_TRANSITION,EXTREME,4,14.705882352941176,138243.16,115919.99999999999,1201.122,178487.35345726626,0.0,0.0,0.0,0.0,0.0,0.0,0.0,0.0,0.0,115919.99999999999,12321.19283432077,0.0,-0.0,183821.33755098807,40244.19345726626,789.1018324954168,0.0,412.0201675045828,5566.289002607049,0.0,0.0,0.0,148859.7649050145
TD_TRANSITION__EXTREME,TD_TRANSITION,EXTREME,5,14.705882352941176,148648.5,115919.99999999999,1201.122,178487.35345726626,0.0,0.0,0.0,0.0,-0.0,0.0,0.0,0.0,0.0,115919.99999999999,12321.19283432077,0.0,161.1465427337389,183651.70961126834,30000.0,588.2352941176471,0.0,612.8867058823535,4953.170368016254,0.0,4.547473508864641e-13,0.0,148859.7649050145
TD_TRANSITION__EXTREME,TD_TRANSITION,EXTREME,6,14.705882352941176,148648.5,115919.99999999999,1201.122,75119.96497960477,0.0,0.0,0.0,0.0,-0.0,0.0,0.0,0.0,0.0,115919.99999999999,12321.19283432077,0.0,73528.53502039523,106253.25169506283,0.0,-2.2737367544323206e-13,0.0,1201.1220000000003,3751.8419859175856,0.0,0.0,0.0,78063.44053666417
TD_TRANSITION__EXTREME,TD_TRANSITION,EXTREME,7,14.705882352941176,148648.5,115919.99999999999,1402.622,34860.80150955246,0.0,40259.163470052314,-0.0,0.0,0.0,-0.0,0.0,0.0,0.0,115919.99999999999,12321.19283432077,0.0,73528.53502039523,28854.793778857333,0.0,0.0,0.0,1402.6219999999998,2349.0636591681723,0.0,-2.2737367544323206e-13,0.0,50489.93947602535
TD_TRANSITION__EXTREME,TD_TRANSITION,EXTREME,8,14.705882352941176,159053.95,115919.99999999999,1402.622,178487.35345726626,0.0,173406.13598984852,0.0,0.0,0.0,0.0,0.0,44938.94165535956,115919.99999999999,0.0,0.0,-0.0,0.0,28854.793778857333,147900.5977917552,2769.4266793773418,1366.804679377342,0.0,3715.770460893049,0.0,-2.2737367544323206e-13,0.0,122245.98838288165
TD_TRANSITION__EXTREME,TD_TRANSITION,EXTREME,9,14.705882352941176,159053.95,113568.47999999998,1402.622,120562.81816230185,0.0,280647.2120158719,0.0,0.0,0.0,0.0,0.0,42156.08017817371,113568.47999999998,0.0,0.0,-0.0,0.0,28854.793778857333,200000.0,3637.750049514755,2235.1280495147557,0.0,5950.743686638601,0.0,0.0,0.0,82573.47415936053
TD_TRANSITION__EXTREME,TD_TRANSITION,EXTREME,10,14.705882352941176,159053.95,108042.615,1402.622,48982.48237687972,0.0,348095.89748164074,0.0,0.0,0.0,0.0,0.0,38024.429858520445,108042.615,0.0,0.0,0.0,0.0,28854.793778857333,200000.0,3637.750049514755,2235.128049514755,0.0,8185.623788499745,0.0,2.2737367544323206e-13,0.0,33548.10217992492
TD_TRANSITION__EXTREME,TD_TRANSITION,EXTREME,11,14.705882352941176,159053.95,101946.465,1402.622,162591.115868702,-0.0,341677.7699719223,0.0,0.0,-0.0,0.0,0.0,33674.59371077492,101946.465,0.0,0.0,111540.3421298493,0.0,134818.11880221416,200000.0,3637.750049514755,2235.128049514755,0.0,10420.410770356646,0.0,0.0,0.0,111358.655258474
TD_TRANSITION__EXTREME,TD_TRANSITION,EXTREME,12,14.705882352941176,159053.95,99370.34999999999,1402.622,128818.91422942484,-0.0,373768.4075205146,0.0,0.0,-0.0,0.0,0.0,31993.029620090147,99370.34999999999,0.0,0.0,111540.3421298493,0.0,240781.44382557098,200000.0,3637.750049514755,2235.128049514755,0.0,12655.104636089301,0.0,2.2737367544323206e-13,0.0,88228.07435573307
TD_TRANSITION__EXTREME,TD_TRANSITION,EXTREME,13,14.705882352941176,159053.95,98308.44,1402.622,178487.35345726626,0.0,306903.188191993,-0.0,0.0,-0.0,0.0,0.0,31324.381850624522,98308.44,0.0,0.0,95012.20979863472,0.0,331043.04313427396,200000.0,3637.750049514755,2235.1280495147566,0.0,14889.705389577553,0.0,0.0,0.0,122245.98838288165
TD_TRANSITION__EXTREME,TD_TRANSITION,EXTREME,14,14.705882352941176,159053.95,98642.745,1402.622,178487.35345726626,0.0,207130.4787227329,0.0,0.0,-0.0,-0.0,0.0,31533.388210472473,98642.745,0.0,0.0,0.0,0.0,331043.04313427396,195030.49396952667,3554.9249490068664,2152.3029490068657,0.0,17041.387934193186,0.0,6.821210263296962e-13,0.0,122245.98838288165
TD_TRANSITION__EXTREME,TD_TRANSITION,EXTREME,15,14.705882352941176,159053.95,102123.45,1402.622,178487.35345726626,-0.0,99889.4026967095,0.0,0.0,-0.0,0.0,0.0,33793.332230311054,102123.45,0.0,0.0,0.0,0.0,331043.04313427396,85529.47392366469,1647.3768481268423,244.75484812684226,0.0,17285.432724489438,0.0,0.0,0.0,122245.98838288165
TD_TRANSITION__EXTREME,TD_TRANSITION,EXTREME,16,14.705882352941176,159053.95,108829.215,1402.622,178487.35345726626,-0.0,10269.004015549575,0.0,0.0,-0.0,0.0,0.0,29702.40747281582,83683.5628139113,25145.6521860887,2672.7435259623753,0.0,0.0,331043.04313427396,0.0,0.0,0.0,1402.6219999999994,15882.090498125915,0.0,-6.821210263296962e-13,0.0,128019.11439896039
TD_TRANSITION__EXTREME,TD_TRANSITION,EXTREME,17,14.705882352941176,159053.95,110697.39,1402.622,178487.35345726626,0.0,0.0,0.0,0.0,-0.0,0.0,0.0,19433.40345726625,53772.22736625571,56925.16263374429,6050.603053273246,0.0,0.0,331043.04313427396,0.0,0.0,0.0,1402.6219999999994,14478.80674435516,0.0,-6.821210263296962e-13,0.0,135315.29097795187
TD_TRANSITION__EXTREME,TD_TRANSITION,EXTREME,18,14.705882352941176,153107.90000000002,111955.95,1402.622,153107.90000000002,0.0,0.0,0.0,0.0,-0.0,0.0,0.0,0.0,0.0,111955.95,11899.852043647123,0.0,0.0,331043.04313427396,0.0,0.0,0.0,1402.6219999999994,13075.581460740812,0.0,0.0,0.0,130567.2811242778
TD_TRANSITION__EXTREME,TD_TRANSITION,EXTREME,19,14.705882352941176,153107.90000000002,112781.87999999999,1402.622,86936.96125900738,0.0,0.0,0.0,0.0,-0.0,0.0,0.0,0.0,0.0,112781.87999999999,11987.640542591658,0.0,66170.93874099264,261389.4234069133,0.0,0.0,0.0,1402.6219999999994,11672.414644846614,0.0,-6.821210263296962e-13,0.0,85436.42833829214
TD_TRANSITION__EXTREME,TD_TRANSITION,EXTREME,20,14.705882352941176,153107.90000000002,113470.15499999998,1201.122,79579.3649796048,0.0,0.0,0.0,0.0,-0.0,0.0,0.0,0.0,0.0,113470.15499999998,12060.797625045438,0.0,73528.53502039523,183990.9654907078,0.0,0.0,0.0,1201.1219999999994,10470.806294236412,0.0,0.0,0.0,80555.22994462946
TD_TRANSITION__EXTREME,TD_TRANSITION,EXTREME,21,14.705882352941176,153107.90000000002,114256.75499999999,1201.122,153107.90000000002,0.0,0.0,0.0,0.0,-0.0,0.0,0.0,0.0,0.0,114256.75499999999,12144.40571927833,0.0,0.0,183990.9654907078,0.0,0.0,0.0,1201.1219999999994,9269.248010640818,0.0,-6.821210263296962e-13,0.0,131095.5170636412
TD_TRANSITION__EXTREME,TD_TRANSITION,EXTREME,22,14.705882352941176,153107.90000000002,114827.04,1201.122,178487.35345726626,0.0,0.0,0.0,0.0,-0.0,0.0,0.0,25379.453457266238,67560.10510324272,47266.93489675727,5024.025358438856,0.0,0.0,183990.9654907078,0.0,0.0,0.0,1201.1220000000003,8067.739791973708,0.0,0.0,0.0,133097.88315710958
TD_TRANSITION__EXTREME,TD_TRANSITION,EXTREME,23,14.705882352941176,148648.5,115416.98999999999,1201.122,178487.35345726626,0.0,0.0,0.0,0.0,-0.0,0.0,0.0,0.0,0.0,115416.98999999999,12267.727658271842,0.0,161.1465427337389,183821.33755098807,30000.0,588.2352941176471,0.0,439.596469864603,7627.807166284439,173.29023601775043,4.547473508864641e-13,0.0,148744.28012474882
